$MeshFormat
2.2 0 8
$EndMeshFormat
$Nodes
891
1 2.980234015126371e-08 0.4619396924972534 -0.1913417279720306
2 0 0.490392804145813 -0.09754516184329987
3 0.0956709161400795 0.480970025062561 -0.09754516184329987
4 0.09012002497911453 0.4530638456344604 -0.1913417279720306
5 0 0.2777852118015289 0.4157347977161407
6 3.35276340024393e-08 0.1913416832685471 0.4619397521018982
7 0.03732894361019135 0.1876652240753174 0.4619397521018982
8 0.05419322475790977 0.2724476456642151 0.4157347977161407
9 0 0.4157349467277527 -0.2777851223945618
10 0.08110588043928146 0.4077467024326324 -0.2777851223945618
11 4.47035120032524e-08 0.3535534143447876 0.3535533845424652
12 0.06897488981485367 0.3467600643634796 0.3535533845424652
13 4.47035120032524e-08 0.3535534143447876 -0.3535533845424652
14 0.06897488981485367 0.3467600643634796 -0.3535533845424652
15 0 0.4157349467277527 0.2777851223945618
16 0.08110588043928146 0.4077467024326324 0.2777851223945618
17 1.080334826042417e-07 0.2777848541736603 -0.4157347977161407
18 0.05419322475790977 0.2724476456642151 -0.4157347977161407
19 2.980234015126371e-08 0.4619396924972534 0.1913417279720306
20 0.09012002497911453 0.4530638456344604 0.1913417279720306
21 3.35276340024393e-08 0.1913416832685471 -0.4619397521018982
22 0.03732894361019135 0.1876652240753174 -0.4619397521018982
23 0 0.490392804145813 0.09754516184329987
24 0.0956709161400795 0.480970025062561 0.09754516184329987
25 7.450585037815927e-09 0.0975450873374939 -0.4903926253318787
26 0.0190301276743412 0.09567089378833771 -0.4903926253318787
27 0 0.5000001788139343 0
28 0.09754522144794464 0.490392804145813 0
29 7.450585037815927e-09 0.0975450873374939 0.4903926253318787
30 0 0 0.5
31 0.0190301276743412 0.09567089378833771 0.4903926253318787
32 0 0 -0.5
33 0.191341832280159 0.4619399011135101 0
34 0.1876652538776398 0.4530638456344604 -0.09754516184329987
35 0.03732893615961075 0.09012000262737274 0.4903926253318787
36 0.07322335243225098 0.1767767667770386 0.4619397521018982
37 0.1767767816781998 0.4267768263816833 -0.1913417279720306
38 0.106303833425045 0.2566400468349457 0.4157347977161407
39 0.159094899892807 0.3840889632701874 -0.2777851223945618
40 0.1352991014719009 0.3266408443450928 0.3535533845424652
41 0.1352991014719009 0.3266408443450928 -0.3535533845424652
42 0.159094899892807 0.3840889632701874 0.2777851223945618
43 0.106303833425045 0.2566400468349457 -0.4157347977161407
44 0.1767767816781998 0.4267768263816833 0.1913417279720306
45 0.07322335243225098 0.1767767667770386 -0.4619397521018982
46 0.1876652538776398 0.4530638456344604 0.09754516184329987
47 0.03732893615961075 0.09012000262737274 -0.4903926253318787
48 0.1964238584041595 0.2939690053462982 -0.3535533845424652
49 0.1543292254209518 0.2309699356555939 -0.4157347977161407
50 0.2309699803590775 0.3456709086894989 0.2777851223945618
51 0.2566401064395905 0.3840889930725098 0.1913417279720306
52 0.106303833425045 0.1590948849916458 -0.4619397521018982
53 0.2724477052688599 0.4077467024326324 0.09754516184329987
54 0.05419321730732918 0.08110585808753967 -0.4903926253318787
55 0.2777853012084961 0.4157348871231079 0
56 0.05419321730732918 0.08110585808753967 0.4903926253318787
57 0.2724477052688599 0.4077467024326324 -0.09754516184329987
58 0.106303833425045 0.1590948849916458 0.4619397521018982
59 0.2566401064395905 0.3840889930725098 -0.1913417279720306
60 0.1543292254209518 0.2309699356555939 0.4157347977161407
61 0.2309699803590775 0.3456709086894989 -0.2777851223945618
62 0.1964238584041595 0.2939690053462982 0.3535533845424652
63 0.06897488236427307 0.06897485256195068 0.4903926253318787
64 0.1352991014719009 0.1352990567684174 0.4619397521018982
65 0.3467601537704468 0.3467600345611572 -0.09754516184329987
66 0.3266409039497375 0.3266408443450928 -0.1913417279720306
67 0.1964238435029984 0.1964237689971924 0.4157347977161407
68 0.2939690351486206 0.2939689457416534 -0.2777851223945618
69 0.2500001490116119 0.2500000894069672 0.3535533845424652
70 0.2500001490116119 0.2500000894069672 -0.3535533845424652
71 0.2939690351486206 0.2939689457416534 0.2777851223945618
72 0.1964238435029984 0.1964237689971924 -0.4157347977161407
73 0.3266409039497375 0.3266408443450928 0.1913417279720306
74 0.1352991014719009 0.1352990567684174 -0.4619397521018982
75 0.3467601537704468 0.3467600345611572 0.09754516184329987
76 0.06897488236427307 0.06897485256195068 -0.4903926253318787
77 0.3535535931587219 0.3535534143447876 0
78 0.3456710278987885 0.2309699058532715 0.2777851223945618
79 0.3840890526771545 0.2566400766372681 0.1913417279720306
80 0.2309699952602386 0.1543291658163071 -0.4157347977161407
81 0.1590949147939682 0.1063037887215614 -0.4619397521018982
82 0.4077467918395996 0.2724475860595703 0.09754516184329987
83 0.08110587298870087 0.05419319495558739 -0.4903926253318787
84 0.4157350063323975 0.2777850925922394 0
85 0.08110587298870087 0.05419319495558739 0.4903926253318787
86 0.4077467918395996 0.2724475860595703 -0.09754516184329987
87 0.1590949147939682 0.1063037887215614 0.4619397521018982
88 0.3840890526771545 0.2566400766372681 -0.1913417279720306
89 0.2309699952602386 0.1543291658163071 0.4157347977161407
90 0.3456710278987885 0.2309699058532715 -0.2777851223945618
91 0.293969064950943 0.196423813700676 0.3535533845424652
92 0.293969064950943 0.196423813700676 -0.3535533845424652
93 0.4530639350414276 0.1876651495695114 -0.09754516184329987
94 0.4267769157886505 0.1767767667770386 -0.1913417279720306
95 0.1767767816781998 0.07322332262992859 0.4619397521018982
96 0.2566401064395905 0.1063037663698196 0.4157347977161407
97 0.3840890526771545 0.1590948104858398 -0.2777851223945618
98 0.3266409337520599 0.1352990716695786 0.3535533845424652
99 0.3266409337520599 0.1352990716695786 -0.3535533845424652
100 0.3840890526771545 0.1590948104858398 0.2777851223945618
101 0.2566401064395905 0.1063037663698196 -0.4157347977161407
102 0.4267769157886505 0.1767767667770386 0.1913417279720306
103 0.1767767816781998 0.07322332262992859 -0.4619397521018982
104 0.4530639350414276 0.1876651495695114 0.09754516184329987
105 0.09012001007795334 0.03732892125844955 -0.4903926253318787
106 0.4619399607181549 0.1913416832685471 0
107 0.09012001007795334 0.03732892125844955 0.4903926253318787
108 0.2724476754665375 0.05419317632913589 -0.4157347977161407
109 0.1876652389764786 0.03732892125844955 -0.4619397521018982
110 0.4530639350414276 0.09012002497911453 0.1913417279720306
111 0.4809701144695282 0.09567084163427353 0.09754516184329987
112 0.09567089378833771 0.01903011463582516 -0.4903926253318787
113 0.4903928339481354 0.09754510223865509 0
114 0.09567089378833771 0.01903011463582516 0.4903926253318787
115 0.4809701144695282 0.09567084163427353 -0.09754516184329987
116 0.1876652389764786 0.03732892125844955 0.4619397521018982
117 0.4530639350414276 0.09012002497911453 -0.1913417279720306
118 0.2724476754665375 0.05419317632913589 0.4157347977161407
119 0.4077467322349548 0.08110581338405609 -0.2777851223945618
120 0.3467601537704468 0.06897487491369247 0.3535533845424652
121 0.3467601537704468 0.06897487491369247 -0.3535533845424652
122 0.4077467322349548 0.08110581338405609 0.2777851223945618
123 0.4619399905204773 2.235174889619884e-08 -0.1913417279720306
124 0.4157349467277527 -4.470349779239768e-08 -0.2777851223945618
125 0.2777852416038513 -2.60770409710176e-08 0.4157347977161407
126 0.3535535633563995 7.450583261459087e-09 0.3535533845424652
127 0.3535535633563995 7.450583261459087e-09 -0.3535533845424652
128 0.4157349467277527 -4.470349779239768e-08 0.2777851223945618
129 0.2777852416038513 -2.60770409710176e-08 -0.4157347977161407
130 0.4619399905204773 2.235174889619884e-08 0.1913417279720306
131 0.1913418173789978 -1.117587444809942e-08 -0.4619397521018982
132 0.4903928637504578 -4.470349779239768e-08 0.09754516184329987
133 0.09754519164562225 -5.58793722404971e-09 -0.4903926253318787
134 0.5000001192092896 -8.195641498787154e-08 0
135 0.09754519164562225 -5.58793722404971e-09 0.4903926253318787
136 0.4903928637504578 -4.470349779239768e-08 -0.09754516184329987
137 0.1913418173789978 -1.117587444809942e-08 0.4619397521018982
138 0.1876652389764786 -0.03732893988490105 -0.4619397521018982
139 0.09567088633775711 -0.0190301239490509 -0.4903926253318787
140 0.4809700846672058 -0.0956709235906601 0.09754516184329987
141 0.4903927445411682 -0.09754525125026703 0
142 0.09567088633775711 -0.0190301239490509 0.4903926253318787
143 0.4809700846672058 -0.0956709235906601 -0.09754516184329987
144 0.1876652389764786 -0.03732893988490105 0.4619397521018982
145 0.4530639350414276 -0.09011998027563095 -0.1913417279720306
146 0.2724476456642151 -0.05419322103261948 0.4157347977161407
147 0.4077467024326324 -0.08110589534044266 -0.2777851223945618
148 0.3467601239681244 -0.06897485256195068 0.3535533845424652
149 0.3467601239681244 -0.06897485256195068 -0.3535533845424652
150 0.4077467024326324 -0.08110589534044266 0.2777851223945618
151 0.2724476456642151 -0.05419322103261948 -0.4157347977161407
152 0.4530639350414276 -0.09011998027563095 0.1913417279720306
153 0.2566400468349457 -0.1063038036227226 0.4157347977161407
154 0.3266409039497375 -0.1352990418672562 0.3535533845424652
155 0.3840889930725098 -0.1590948849916458 -0.2777851223945618
156 0.3266409039497375 -0.1352990418672562 -0.3535533845424652
157 0.3840889930725098 -0.1590948849916458 0.2777851223945618
158 0.2566400468349457 -0.1063038036227226 -0.4157347977161407
159 0.4267769157886505 -0.1767767071723938 0.1913417279720306
160 0.1767767816781998 -0.07322333753108978 -0.4619397521018982
161 0.4530638754367828 -0.1876652240753174 0.09754516184329987
162 0.09011999517679214 -0.03732892498373985 -0.4903926253318787
163 0.461939811706543 -0.1913418024778366 0
164 0.09011999517679214 -0.03732892498373985 0.4903926253318787
165 0.4530638754367828 -0.1876652240753174 -0.09754516184329987
166 0.1767767816781998 -0.07322333753108978 0.4619397521018982
167 0.4267769157886505 -0.1767767071723938 -0.1913417279720306
168 0.4077467024326324 -0.2724476158618927 0.09754516184329987
169 0.4157347977161407 -0.2777851819992065 0
170 0.08110584318637848 -0.05419318750500679 0.4903926253318787
171 0.08110584318637848 -0.05419318750500679 -0.4903926253318787
172 0.4077467024326324 -0.2724476158618927 -0.09754516184329987
173 0.1590948849916458 -0.106303796172142 0.4619397521018982
174 0.3840890526771545 -0.2566400170326233 -0.1913417279720306
175 0.2309699207544327 -0.1543291807174683 0.4157347977161407
176 0.3456709384918213 -0.2309699356555939 -0.2777851223945618
177 0.2939690351486206 -0.1964237838983536 0.3535533845424652
178 0.2939690351486206 -0.1964237838983536 -0.3535533845424652
179 0.3456709384918213 -0.2309699356555939 0.2777851223945618
180 0.2309699207544327 -0.1543291807174683 -0.4157347977161407
181 0.3840890526771545 -0.2566400170326233 0.1913417279720306
182 0.1590948849916458 -0.106303796172142 -0.4619397521018982
183 0.2939689457416534 -0.2939689457416534 -0.2777851223945618
184 0.2500001192092896 -0.2500000596046448 -0.3535533845424652
185 0.2500001192092896 -0.2500000596046448 0.3535533845424652
186 0.2939689457416534 -0.2939689457416534 0.2777851223945618
187 0.1964237540960312 -0.1964237838983536 -0.4157347977161407
188 0.3266409039497375 -0.326640784740448 0.1913417279720306
189 0.1352990567684174 -0.1352990567684174 -0.4619397521018982
190 0.3467600643634796 -0.3467600345611572 0.09754516184329987
191 0.06897485256195068 -0.06897483766078949 -0.4903926253318787
192 0.3535533249378204 -0.35355344414711 0
193 0.06897485256195068 -0.06897483766078949 0.4903926253318787
194 0.3467600643634796 -0.3467600345611572 -0.09754516184329987
195 0.1352990567684174 -0.1352990567684174 0.4619397521018982
196 0.3266409039497375 -0.326640784740448 -0.1913417279720306
197 0.1964237540960312 -0.1964237838983536 0.4157347977161407
198 0.05419319123029709 -0.08110582828521729 0.4903926253318787
199 0.05419319123029709 -0.08110582828521729 -0.4903926253318787
200 0.2777850329875946 -0.4157348275184631 0
201 0.2724475860595703 -0.4077466428279877 -0.09754516184329987
202 0.1063037887215614 -0.1590948700904846 0.4619397521018982
203 0.2566401064395905 -0.384088933467865 -0.1913417279720306
204 0.1543291360139847 -0.2309699207544327 0.4157347977161407
205 0.2309699058532715 -0.3456708788871765 -0.2777851223945618
206 0.1964238286018372 -0.2939689755439758 0.3535533845424652
207 0.1964238286018372 -0.2939689755439758 -0.3535533845424652
208 0.2309699058532715 -0.3456708788871765 0.2777851223945618
209 0.1543291360139847 -0.2309699207544327 -0.4157347977161407
210 0.2566401064395905 -0.384088933467865 0.1913417279720306
211 0.1063037887215614 -0.1590948700904846 -0.4619397521018982
212 0.2724475860595703 -0.4077466428279877 0.09754516184329987
213 0.1352990716695786 -0.3266408145427704 0.3535533845424652
214 0.1590948104858398 -0.3840889036655426 0.2777851223945618
215 0.1352990716695786 -0.3266408145427704 -0.3535533845424652
216 0.1063037440180779 -0.2566399872303009 -0.4157347977161407
217 0.1767767816781998 -0.4267767369747162 0.1913417279720306
218 0.0732233077287674 -0.176776722073555 -0.4619397521018982
219 0.1876651346683502 -0.4530637562274933 0.09754516184329987
220 0.03732891380786896 -0.09011995792388916 -0.4903926253318787
221 0.1913415938615799 -0.4619397521018982 0
222 0.03732891380786896 -0.09011995792388916 0.4903926253318787
223 0.1876651346683502 -0.4530637562274933 -0.09754516184329987
224 0.0732233077287674 -0.176776722073555 0.4619397521018982
225 0.1767767816781998 -0.4267767369747162 -0.1913417279720306
226 0.1063037440180779 -0.2566399872303009 0.4157347977161407
227 0.1590948104858398 -0.3840889036655426 -0.2777851223945618
228 0.09754501283168793 -0.4903925657272339 0
229 0.09567081928253174 -0.4809699058532715 -0.09754516184329987
230 0.01903011277318001 -0.09567083418369293 0.4903926253318787
231 0.03732890263199806 -0.1876651644706726 0.4619397521018982
232 0.09012002497911453 -0.4530637562274933 -0.1913417279720306
233 0.05419315025210381 -0.2724475264549255 0.4157347977161407
234 0.08110580593347549 -0.4077465832233429 -0.2777851223945618
235 0.06897487491369247 -0.3467600345611572 0.3535533845424652
236 0.06897487491369247 -0.3467600345611572 -0.3535533845424652
237 0.08110580593347549 -0.4077465832233429 0.2777851223945618
238 0.05419315025210381 -0.2724475264549255 -0.4157347977161407
239 0.09012002497911453 -0.4530637562274933 0.1913417279720306
240 0.03732890263199806 -0.1876651644706726 -0.4619397521018982
241 0.09567081928253174 -0.4809699058532715 0.09754516184329987
242 0.01903011277318001 -0.09567083418369293 -0.4903926253318787
243 -7.450585037815927e-09 -0.35355344414711 -0.3535533845424652
244 -4.842880230171431e-08 -0.277785062789917 -0.4157347977161407
245 -5.215409615288991e-08 -0.4157347977161407 0.2777851223945618
246 1.490117007563185e-08 -0.461939811706543 0.1913417279720306
247 -2.607704807644495e-08 -0.1913417428731918 -0.4619397521018982
248 -6.70552680048786e-08 -0.490392655134201 0.09754516184329987
249 -3.725292518907963e-09 -0.09754513204097748 -0.4903926253318787
250 -1.639128726083072e-07 -0.4999998509883881 0
251 -3.725292518907963e-09 -0.09754513204097748 0.4903926253318787
252 -6.70552680048786e-08 -0.490392655134201 -0.09754516184329987
253 -2.607704807644495e-08 -0.1913417428731918 0.4619397521018982
254 1.490117007563185e-08 -0.461939811706543 -0.1913417279720306
255 -4.842880230171431e-08 -0.277785062789917 0.4157347977161407
256 -5.215409615288991e-08 -0.4157347977161407 -0.2777851223945618
257 -7.450585037815927e-09 -0.35355344414711 0.3535533845424652
258 -0.09567095339298248 -0.4809698760509491 -0.09754516184329987
259 -0.09011998772621155 -0.4530637264251709 -0.1913417279720306
260 -0.03732895478606224 -0.1876651644706726 0.4619397521018982
261 -0.05419324338436127 -0.2724474966526031 0.4157347977161407
262 -0.08110590279102325 -0.4077465534210205 -0.2777851223945618
263 -0.06897488236427307 -0.3467600047588348 0.3535533845424652
264 -0.06897488236427307 -0.3467600047588348 -0.3535533845424652
265 -0.08110590279102325 -0.4077465534210205 0.2777851223945618
266 -0.05419324338436127 -0.2724474966526031 -0.4157347977161407
267 -0.09011998772621155 -0.4530637264251709 0.1913417279720306
268 -0.03732895478606224 -0.1876651644706726 -0.4619397521018982
269 -0.09567095339298248 -0.4809698760509491 0.09754516184329987
270 -0.01903011836111546 -0.09567082673311234 -0.4903926253318787
271 -0.0975453183054924 -0.4903924465179443 0
272 -0.01903011836111546 -0.09567082673311234 0.4903926253318787
273 -0.1063038185238838 -0.2566398978233337 -0.4157347977161407
274 -0.07322335243225098 -0.1767767071723938 -0.4619397521018982
275 -0.176776722073555 -0.4267767071723938 0.1913417279720306
276 -0.1876652538776398 -0.4530636668205261 0.09754516184329987
277 -0.03732891380786896 -0.09011994302272797 -0.4903926253318787
278 -0.1913418620824814 -0.4619395434856415 0
279 -0.03732891380786896 -0.09011994302272797 0.4903926253318787
280 -0.1876652538776398 -0.4530636668205261 -0.09754516184329987
281 -0.07322335243225098 -0.1767767071723938 0.4619397521018982
282 -0.176776722073555 -0.4267767071723938 -0.1913417279720306
283 -0.1063038185238838 -0.2566398978233337 0.4157347977161407
284 -0.159094899892807 -0.3840888440608978 -0.2777851223945618
285 -0.1352990716695786 -0.326640784740448 0.3535533845424652
286 -0.1352990716695786 -0.326640784740448 -0.3535533845424652
287 -0.159094899892807 -0.3840888440608978 0.2777851223945618
288 -0.1063038185238838 -0.159094825387001 0.4619397521018982
289 -0.1543291807174683 -0.2309697866439819 0.4157347977161407
290 -0.2566400170326233 -0.3840889036655426 -0.1913417279720306
291 -0.2309699505567551 -0.3456707894802094 -0.2777851223945618
292 -0.1964238286018372 -0.2939689457416534 0.3535533845424652
293 -0.1964238286018372 -0.2939689457416534 -0.3535533845424652
294 -0.2309699505567551 -0.3456707894802094 0.2777851223945618
295 -0.1543291807174683 -0.2309697866439819 -0.4157347977161407
296 -0.2566400170326233 -0.3840889036655426 0.1913417279720306
297 -0.1063038185238838 -0.159094825387001 -0.4619397521018982
298 -0.2724476754665375 -0.4077465236186981 0.09754516184329987
299 -0.05419318377971649 -0.08110580593347549 -0.4903926253318787
300 -0.2777852416038513 -0.4157345294952393 0
301 -0.05419318377971649 -0.08110580593347549 0.4903926253318787
302 -0.2724476754665375 -0.4077465236186981 -0.09754516184329987
303 -0.3266408145427704 -0.3266407549381256 0.1913417279720306
304 -0.346760094165802 -0.3467598855495453 0.09754516184329987
305 -0.1352990716695786 -0.1352990120649338 -0.4619397521018982
306 -0.06897483766078949 -0.0689748078584671 -0.4903926253318787
307 -0.35355344414711 -0.3535530865192413 0
308 -0.06897483766078949 -0.0689748078584671 0.4903926253318787
309 -0.346760094165802 -0.3467598855495453 -0.09754516184329987
310 -0.1352990716695786 -0.1352990120649338 0.4619397521018982
311 -0.3266408145427704 -0.3266407549381256 -0.1913417279720306
312 -0.1964237689971924 -0.1964236348867416 0.4157347977161407
313 -0.2939689755439758 -0.2939688265323639 -0.2777851223945618
314 -0.2500000894069672 -0.2500000298023224 0.3535533845424652
315 -0.2500000894069672 -0.2500000298023224 -0.3535533845424652
316 -0.2939689755439758 -0.2939688265323639 0.2777851223945618
317 -0.1964237689971924 -0.1964236348867416 -0.4157347977161407
318 -0.3840889632701874 -0.2566399872303009 -0.1913417279720306
319 -0.3456709384918213 -0.2309698015451431 -0.2777851223945618
320 -0.2309698909521103 -0.1543290317058563 0.4157347977161407
321 -0.2939690053462982 -0.1964237540960312 0.3535533845424652
322 -0.2939690053462982 -0.1964237540960312 -0.3535533845424652
323 -0.3456709384918213 -0.2309698015451431 0.2777851223945618
324 -0.2309698909521103 -0.1543290317058563 -0.4157347977161407
325 -0.3840889632701874 -0.2566399872303009 0.1913417279720306
326 -0.1590948700904846 -0.1063037440180779 -0.4619397521018982
327 -0.4077467024326324 -0.2724474370479584 0.09754516184329987
328 -0.08110582083463669 -0.0541931577026844 -0.4903926253318787
329 -0.4157347977161407 -0.2777847945690155 0
330 -0.08110582083463669 -0.0541931577026844 0.4903926253318787
331 -0.4077467024326324 -0.2724474370479584 -0.09754516184329987
332 -0.1590948700904846 -0.1063037440180779 0.4619397521018982
333 -0.1767767369747162 -0.0732232853770256 -0.4619397521018982
334 -0.09011995792388916 -0.03732889145612717 -0.4903926253318787
335 -0.4530638456344604 -0.1876650154590607 0.09754516184329987
336 -0.4619396924972534 -0.1913414150476456 0
337 -0.09011995792388916 -0.03732889145612717 0.4903926253318787
338 -0.4530638456344604 -0.1876650154590607 -0.09754516184329987
339 -0.1767767369747162 -0.0732232853770256 0.4619397521018982
340 -0.426776796579361 -0.1767766922712326 -0.1913417279720306
341 -0.2566399574279785 -0.1063036546111107 0.4157347977161407
342 -0.384088933467865 -0.1590947210788727 -0.2777851223945618
343 -0.3266408741474152 -0.135299026966095 0.3535533845424652
344 -0.3266408741474152 -0.135299026966095 -0.3535533845424652
345 -0.384088933467865 -0.1590947210788727 0.2777851223945618
346 -0.2566399574279785 -0.1063036546111107 -0.4157347977161407
347 -0.426776796579361 -0.1767766922712326 0.1913417279720306
348 -0.2724474966526031 -0.05419309437274933 0.4157347977161407
349 -0.346760094165802 -0.06897483766078949 0.3535533845424652
350 -0.4077466130256653 -0.08110574632883072 -0.2777851223945618
351 -0.346760094165802 -0.06897483766078949 -0.3535533845424652
352 -0.4077466130256653 -0.08110574632883072 0.2777851223945618
353 -0.2724474966526031 -0.05419309437274933 -0.4157347977161407
354 -0.4530638158321381 -0.09011997282505035 0.1913417279720306
355 -0.1876651793718338 -0.03732889145612717 -0.4619397521018982
356 -0.4809699952602386 -0.09567072987556458 0.09754516184329987
357 -0.09567083418369293 -0.01903009787201881 -0.4903926253318787
358 -0.4903925061225891 -0.09754488617181778 0
359 -0.09567083418369293 -0.01903009787201881 0.4903926253318787
360 -0.4809699952602386 -0.09567072987556458 -0.09754516184329987
361 -0.1876651793718338 -0.03732889145612717 0.4619397521018982
362 -0.4530638158321381 -0.09011997282505035 -0.1913417279720306
363 -0.4903927147388458 1.341104933771931e-07 0.09754516184329987
364 -0.4999998211860657 2.235175031728431e-07 0
365 -0.09754513204097748 9.313229298868464e-09 0.4903926253318787
366 -0.09754513204097748 9.313229298868464e-09 -0.4903926253318787
367 -0.4903927147388458 1.341104933771931e-07 -0.09754516184329987
368 -0.1913417428731918 2.60770409710176e-08 0.4619397521018982
369 -0.4619398415088654 7.450583261459087e-09 -0.1913417279720306
370 -0.277785062789917 7.450583439094771e-08 0.4157347977161407
371 -0.4157348275184631 8.195641498787154e-08 -0.2777851223945618
372 -0.3535535037517548 1.490116652291817e-08 0.3535533845424652
373 -0.3535535037517548 1.490116652291817e-08 -0.3535533845424652
374 -0.4157348275184631 8.195641498787154e-08 0.2777851223945618
375 -0.277785062789917 7.450583439094771e-08 -0.4157347977161407
376 -0.4619398415088654 7.450583261459087e-09 0.1913417279720306
377 -0.1913417428731918 2.60770409710176e-08 -0.4619397521018982
378 -0.4077465534210205 0.08110591024160385 -0.2777851223945618
379 -0.3467600643634796 0.06897486746311188 -0.3535533845424652
380 -0.3467600643634796 0.06897486746311188 0.3535533845424652
381 -0.4077465534210205 0.08110591024160385 0.2777851223945618
382 -0.2724474668502808 0.05419323593378067 -0.4157347977161407
383 -0.4530637860298157 0.09011998027563095 0.1913417279720306
384 -0.1876651644706726 0.03732893988490105 -0.4619397521018982
385 -0.4809699058532715 0.09567098319530487 0.09754516184329987
386 -0.09567082673311234 0.01903011649847031 -0.4903926253318787
387 -0.4903924167156219 0.097545325756073 0
388 -0.09567082673311234 0.01903011649847031 0.4903926253318787
389 -0.4809699058532715 0.09567098319530487 -0.09754516184329987
390 -0.1876651644706726 0.03732893988490105 0.4619397521018982
391 -0.4530637860298157 0.09011998027563095 -0.1913417279720306
392 -0.2724474668502808 0.05419323593378067 0.4157347977161407
393 -0.09011994302272797 0.03732890635728836 -0.4903926253318787
394 -0.4619394838809967 0.1913418173789978 0
395 -0.4530636966228485 0.1876652389764786 -0.09754516184329987
396 -0.09011994302272797 0.03732890635728836 0.4903926253318787
397 -0.1767767071723938 0.07322332262992859 0.4619397521018982
398 -0.4267767667770386 0.1767766773700714 -0.1913417279720306
399 -0.2566398680210114 0.1063037812709808 0.4157347977161407
400 -0.3840888440608978 0.1590948700904846 -0.2777851223945618
401 -0.3266408443450928 0.1352990418672562 0.3535533845424652
402 -0.3266408443450928 0.1352990418672562 -0.3535533845424652
403 -0.3840888440608978 0.1590948700904846 0.2777851223945618
404 -0.2566398680210114 0.1063037812709808 -0.4157347977161407
405 -0.4267767667770386 0.1767766773700714 0.1913417279720306
406 -0.1767767071723938 0.07322332262992859 -0.4619397521018982
407 -0.4530636966228485 0.1876652389764786 0.09754516184329987
408 -0.2939689755439758 0.1964237689971924 -0.3535533845424652
409 -0.2309697419404984 0.1543291360139847 -0.4157347977161407
410 -0.3456707894802094 0.2309699058532715 0.2777851223945618
411 -0.384088933467865 0.2566399574279785 0.1913417279720306
412 -0.1590948104858398 0.1063037663698196 -0.4619397521018982
413 -0.4077465236186981 0.2724476158618927 0.09754516184329987
414 -0.0811057984828949 0.054193165153265 -0.4903926253318787
415 -0.4157344698905945 0.2777851223945618 0
416 -0.0811057984828949 0.054193165153265 0.4903926253318787
417 -0.4077465236186981 0.2724476158618927 -0.09754516184329987
418 -0.1590948104858398 0.1063037663698196 0.4619397521018982
419 -0.384088933467865 0.2566399574279785 -0.1913417279720306
420 -0.2309697419404984 0.1543291360139847 0.4157347977161407
421 -0.3456707894802094 0.2309699058532715 -0.2777851223945618
422 -0.2939689755439758 0.1964237689971924 0.3535533845424652
423 -0.0689748153090477 0.0689748078584671 0.4903926253318787
424 -0.1352990120649338 0.1352990120649338 0.4619397521018982
425 -0.3467598855495453 0.3467599749565125 -0.09754516184329987
426 -0.326640784740448 0.3266406953334808 -0.1913417279720306
427 -0.1964235901832581 0.1964236944913864 0.4157347977161407
428 -0.2939687967300415 0.2939688861370087 -0.2777851223945618
429 -0.2500000596046448 0.2500000298023224 0.3535533845424652
430 -0.2500000596046448 0.2500000298023224 -0.3535533845424652
431 -0.2939687967300415 0.2939688861370087 0.2777851223945618
432 -0.1964235901832581 0.1964236944913864 -0.4157347977161407
433 -0.326640784740448 0.3266406953334808 0.1913417279720306
434 -0.1352990120649338 0.1352990120649338 -0.4619397521018982
435 -0.3467598855495453 0.3467599749565125 0.09754516184329987
436 -0.0689748153090477 0.0689748078584671 -0.4903926253318787
437 -0.3535530567169189 0.353553295135498 0
438 -0.2309697717428207 0.3456707894802094 0.2777851223945618
439 -0.2566399872303009 0.3840888440608978 0.1913417279720306
440 -0.1543289870023727 0.2309698015451431 -0.4157347977161407
441 -0.1063037514686584 0.1590948104858398 -0.4619397521018982
442 -0.2724474370479584 0.4077465534210205 0.09754516184329987
443 -0.0541931577026844 0.0811057910323143 -0.4903926253318787
444 -0.2777847945690155 0.4157346189022064 0
445 -0.0541931577026844 0.0811057910323143 0.4903926253318787
446 -0.2724474370479584 0.4077465534210205 -0.09754516184329987
447 -0.1063037514686584 0.1590948104858398 0.4619397521018982
448 -0.2566399872303009 0.3840888440608978 -0.1913417279720306
449 -0.1543289870023727 0.2309698015451431 0.4157347977161407
450 -0.2309697717428207 0.3456707894802094 -0.2777851223945618
451 -0.1964237689971924 0.2939689457416534 0.3535533845424652
452 -0.1964237689971924 0.2939689457416534 -0.3535533845424652
453 -0.1876650154590607 0.4530636370182037 -0.09754516184329987
454 -0.1767766922712326 0.426776647567749 -0.1913417279720306
455 -0.0732232853770256 0.1767766773700714 0.4619397521018982
456 -0.1063036173582077 0.256639838218689 0.4157347977161407
457 -0.1590946912765503 0.3840887844562531 -0.2777851223945618
458 -0.135299026966095 0.326640784740448 0.3535533845424652
459 -0.135299026966095 0.326640784740448 -0.3535533845424652
460 -0.1590946912765503 0.3840887844562531 0.2777851223945618
461 -0.1063036173582077 0.256639838218689 -0.4157347977161407
462 -0.1767766922712326 0.426776647567749 0.1913417279720306
463 -0.0732232853770256 0.1767766773700714 -0.4619397521018982
464 -0.1876650154590607 0.4530636370182037 0.09754516184329987
465 -0.03732889145612717 0.09011991322040558 -0.4903926253318787
466 -0.1913414001464844 0.4619394838809967 0
467 -0.03732889145612717 0.09011991322040558 0.4903926253318787
468 -0.05419305339455605 0.2724473476409912 -0.4157347977161407
469 -0.03732888773083687 0.187665119767189 -0.4619397521018982
470 -0.09011995792388916 0.4530636370182037 0.1913417279720306
471 -0.09567072242498398 0.4809697866439819 0.09754516184329987
472 -0.01903009973466396 0.09567078948020935 -0.4903926253318787
473 -0.09754487127065659 0.49039226770401 0
474 -0.01903009973466396 0.09567078948020935 0.4903926253318787
475 -0.09567072242498398 0.4809697866439819 -0.09754516184329987
476 -0.03732888773083687 0.187665119767189 0.4619397521018982
477 -0.09011995792388916 0.4530636370182037 -0.1913417279720306
478 -0.05419305339455605 0.2724473476409912 0.4157347977161407
479 -0.08110570907592773 0.407746434211731 -0.2777851223945618
480 -0.06897483021020889 0.3467600047588348 0.3535533845424652
481 -0.06897483021020889 0.3467600047588348 -0.3535533845424652
482 -0.08110570907592773 0.407746434211731 0.2777851223945618
483 0.3811300244769866 0.1969272349877148 -0.1866512922213764
484 0.07617198506749756 0.3730086323706019 -0.1976747737256484
485 0.02236581045533568 0.2053305152130324 -0.4052641096111791
486 -0.2121238274879197 -0.4092706319460544 0.08984361942126497
487 -0.2174756814405815 -0.2560628155684203 -0.3381949646743701
488 -0.1000427124577186 -0.3220438948245118 -0.3331853570950358
489 -0.1343872898785493 -0.1609898052862649 -0.4081232055591967
490 -0.295291146677232 -0.1576350638047183 -0.3297844102674716
491 -0.395638154474974 0.2137250100239972 0.09596862580426889
492 -0.2533222093516869 -0.195063830670995 -0.3417232724554032
493 -0.2900155418819599 -0.09549614432531441 -0.3307761734121072
494 -0.4050359962085454 0.03850427470239358 -0.2036422931796329
495 -0.3240141611767965 0.09110456341866054 -0.3318766200678171
496 -0.09711082811151099 0.3071258097459845 -0.331034583104411
497 -0.1535748429765317 0.2853390038386752 -0.3316930718250512
498 -0.4334879844336263 0.1322875712793411 0.0937231924711632
499 -0.2440250336137691 0.2061055944365239 0.3197683777333265
500 0.0006337983781497744 0.2635869664800949 0.3656988198501065
501 -0.2834006018834734 0.3416115071893229 0.1000865737271218
502 -0.2070213554517782 0.4009328943768607 0.08856374857461879
503 -0.1013185576689835 0.1858925161272217 0.4012524018942949
504 -0.1632142090488913 0.1345685435237393 0.4211090114666519
505 -0.1224935155256494 0.08136163276873831 0.4471339226603255
506 -0.3370642062167763 -0.02801065628998935 0.3326885350886171
507 -0.03740205728079057 -0.3311857567973472 0.3269386194460122
508 -0.2767107245768155 -0.3448810701616516 0.07537750355958621
509 -0.3391426136454561 -0.2719188004620232 0.08879121586911078
510 -0.4041475659788132 -0.2166719854521338 0.08900604000819778
511 -0.1364970259326278 -0.4263806352128464 0.08722516428916546
512 -0.03194726369341221 -0.419764233472768 0.2001174202178633
513 -0.1558517331376938 -0.2917783455130555 0.3297186353423661
514 -0.09609648840320036 -0.1768823682605634 0.4517056395521316
515 -0.04325017256981986 -0.1283706168605122 0.4370410588972473
516 -0.167751928078341 -0.1490393438390441 0.4194316864922904
517 -0.2033185723028768 -0.06759346935678152 0.4214470711419203
518 -0.1922593533656908 0.043522208647675 0.400682666785465
519 -0.1338446290223285 -0.06344205021699406 0.4381674276347661
520 0.04788631239720129 -0.211925286330258 0.4172741182719308
521 0.1210050756479191 -0.1854485661502958 0.4100904646841861
522 0.04460050219680153 -0.4361918615286801 0.08015399087731376
523 0.308737080996739 0.03614195467272495 0.3021041397896445
524 0.4125662327918517 -0.225138929268893 0.07467528507804161
525 0.189671121045403 -0.3494170176024488 0.1855912821811368
526 0.2169380111263219 -0.2552936355243111 0.3139643298024711
527 0.25677940921973 -0.2180431812487282 0.3290717504507459
528 0.2046041174252666 -0.02212621635378751 0.4034546794806597
529 0.2972928122612132 0.1013565041286423 0.3276708392336559
530 0.2987487726244601 0.1564954720162778 0.318666226946541
531 0.3140132622780595 0.2648723195743947 0.1865137122470459
532 0.4381554152763653 0.1129388083410793 0.05042672122884818
533 0.2096598839021117 0.2592041226697753 -0.3332996131429655
534 0.3221290549454943 -0.02965022485486237 -0.3322066537158782
535 0.2420684276425239 0.2203303605934686 -0.313759367240206
536 0.09369637272598631 -0.3045454868734054 -0.3364102910321735
537 0.3251347416019148 -0.08910571104345524 -0.3111834175608494
538 0.4345544929367514 -0.1353407947279183 0.0928188421654286
539 0.4427505034771698 -0.03599089551278473 -0.08775104943062693
540 0.0379637770029319 -0.3295764016684144 -0.3210532238676473
541 0.1591269378608228 -0.29711858773308 -0.3280067568806699
542 0.1280639644349997 -0.4416712402506554 0.06830815975112663
543 0.372929852089704 -0.2912430980707578 0.04988841455195041
544 0.2673224846053424 -0.3291476473004953 -0.1815923976433993
545 0.4477740028498503 -0.1794593285154686 0.09169224747400737
546 -0.04270637357111078 0.4526999405399827 -0.08502464525874441
547 -0.3679040657786747 0.1899649632303445 -0.1242529099746328
548 0.2563730411745508 -0.01254445903750218 0.2469595753599628
549 -0.08928828167556023 0.06813465540216512 -0.04930931673614913
550 0.01726244977005149 -0.1286240675076016 0.1882545957382907
551 0.01111375441811685 -0.1408719438776067 -0.2075847339702097
552 0.1986224356914491 0.01087869021693934 -0.04004711236563385
553 -0.02013155880417312 0.1413758354115057 0.2136592899816935
554 -0.1996984759088212 -0.01667651508056249 0.1541255476756
555 0.07848924767751961 0.1326368844283531 -0.2094767907340078
556 -0.1142208034458914 -0.05012446615490866 0.2846394110139913
557 0.284784269307116 -0.09408693947143425 0.08431857467873756
558 0.171302161264269 -0.2074924405488504 -0.06910065472109497
559 0.1809629137357192 -0.03783252253267441 -0.233585949614767
560 -0.1702306917032281 -0.02447754496025728 -0.2273403702212514
561 -0.1523499134402052 -0.1644614338713611 -0.03114551152191986
562 0.2420773759634223 -0.2487012959409279 0.1727531947067451
563 0.1663063037483914 0.1962057031143713 0.09148661099876525
564 0.007455323798499169 0.2697789728987451 -0.04770984879341676
565 -0.2439697646566782 0.1437582096940546 0.02752328150546166
566 -0.1063143310062424 0.2014900837146577 -0.1943861781516631
567 0.007713464488607829 -0.2807533721194448 0.04229751467879361
568 -0.1549405107230042 -0.197753825144375 -0.2035144192148534
569 -0.09203621374854398 -0.1182040449796255 -0.3122528075869065
570 -0.1975612763968431 0.1560312748424812 0.1995435285681623
571 -0.1255473623943285 0.2744750911862041 0.07895658275072574
572 0.03011453709752154 -0.001143853120176175 -0.3016646683541867
573 -0.02139196881801362 0.1107799197913177 0.3107016295700922
574 -0.05040627793631472 -0.2369519820322526 -0.2733805452238219
575 0.05958563825601913 -0.1110361706645383 0.320682593402614
576 -0.300066626806762 -0.0211923167740074 -0.07344857004348407
577 -0.03694941653750217 -0.2647952624025669 -0.1134933861956938
578 0.02087882024471642 -0.1166625160824246 -0.0297833467314611
579 -0.1110602201180098 -0.06270857657597552 0.3310933455170935
580 0.1397577636941516 -0.1756229346691502 -0.2768740481186908
581 0.3021950187499708 0.08241677018109536 0.08490110174194489
582 0.06054166884945428 0.02558246758236229 0.08805512006408066
583 0.2348503927054134 0.1740349687196554 -0.1195390559984589
584 -0.1449982821110209 -0.2069278707065721 0.2005208576745618
585 -0.2919528108788051 -0.1271472794945915 0.06104023660569821
586 -0.2103649518090965 -0.1247362034675162 -0.2838216362321663
587 -0.1489212239360845 -0.2064874125583862 -0.3080836861442225
588 0.05636447698595313 -0.006572820563950005 -0.1517050429434826
589 -0.1495345108714191 -0.2911116843575022 0.06539112904479913
590 0.07596387315810503 0.1202890082957511 -0.04550519629289534
591 -0.0160178656951406 0.1702183433877442 0.06458215733794412
592 -0.09978062476070571 0.09231232689559821 -0.3116185010927278
593 -0.124306504744419 0.2089814095029629 -0.05056054972014904
594 -0.2280189602383278 0.1129209218639711 -0.1317645539921629
595 0.2956016655024564 -0.2694520267396064 0.1141237448500297
596 0.2926155606098809 -0.08662441777918749 0.02989144765886952
597 -0.05288108570166916 -0.3081681278437407 0.1666360753459865
598 0.02976170618197151 0.3231209502322514 0.1069829516031495
599 -0.2269794787591986 0.09228115469945392 -0.2654839190185046
600 -0.1679459143277846 0.05802289311313 0.3215607766302255
601 0.03496761973205137 -0.1260685482597772 -0.3335022245774048
602 0.1727731528349443 0.1357353252299163 0.250514876345809
603 0.06569103781929325 -0.2674857354787999 -0.2055348581632974
604 0.2686329783296131 -0.09976509726720091 -0.1222927283517051
605 -0.09592304856173056 -0.09417272876595875 -0.134988635087258
606 -0.107599210379509 0.08283082342128274 0.1225332942152753
607 -0.02642373451712524 -0.1780547110780162 0.3266780703007193
608 0.121143357278242 -0.1757592782853162 0.07801465891458984
609 -0.2431470412810153 -0.1099545116091035 -0.1552827728656313
610 0.02844720182186603 0.2808873914044818 -0.2025217843205685
611 -0.09074085850918802 -0.05231183659453197 0.05276882518239571
612 -0.100672703274337 0.262629969093933 0.2221430317547985
613 0.151875628490546 0.07458651737548853 -0.3196000070021574
614 -0.05670107929186129 0.1185329227411157 0.3725064690034814
615 0.2773768920920151 0.04067527826577291 -0.1584375892370871
616 -0.3158672996122733 0.03611759617871086 -0.1890493646651542
617 -0.2414614975047215 -0.03600166913018399 0.2740588014743045
618 -0.3177311803159335 0.02023892468687115 0.06948478391361182
619 -0.02264235874966279 0.1646259540800478 -0.108765646978244
620 -0.09689968470704899 0.3263887059487811 -0.126480627349996
621 0.07105977432125472 0.02052248582952723 0.2415594380748117
622 -0.05134623237946297 -0.0452776747835211 -0.2309434396627704
623 -0.08030470987223345 0.07342912724941145 -0.1833107133591802
624 0.04662583115910492 0.1493927959093287 -0.360170028095833
625 -0.04353557799757422 0.2394012430837349 -0.2921282095203964
626 -0.1528540066355462 0.196976660385653 -0.3024131756445548
627 0.122231688988033 -0.3122463779710591 0.1234825338469041
628 0.1238372216589014 -0.1170056335058773 -0.1485799653458443
629 0.03453656385482335 0.2319209679226762 0.2920366313313988
630 0.1982882380329973 0.1757085155687897 -0.2471616149988916
631 0.3516146886204139 -0.1233533666554414 0.1219931580703816
632 -0.2715871106561032 -0.2541693796143561 0.03014147167327252
633 -0.2431291189855682 -0.2391365790803257 -0.104777009679519
634 -0.2541374176494089 0.2503074900195323 0.1082951669106327
635 -0.3225655781645634 -0.06271080841765626 0.1727181992833719
636 -0.2939626777241344 0.06395307754883492 0.2030879469743539
637 -0.1705256060684303 -0.02494783559650917 -0.3608322715572718
638 -0.07466389770549407 -0.1820729111501857 0.0748717709185388
639 0.1882263379779087 -0.141908488036592 0.2575233577448995
640 0.1680442394209548 0.2978768264497407 -0.0364401549769607
641 -0.337808933053983 0.137194450181649 0.1108568839425172
642 0.08974884856487814 -0.3333419153355556 -0.07172242963759795
643 0.2731397238305988 0.1808765821630765 0.1724558939700047
644 0.3548477457031931 -0.01515033247101381 -0.064636377062817
645 -0.2229491389488839 0.2513458761889732 -0.1383403592567236
646 -0.2197384208973093 0.2926662947518387 -0.01246847585862526
647 0.1336513436145055 -0.05206125230321616 -0.3474711890655586
648 0.2923753930252702 -0.08542811044041171 -0.2404266536867957
649 0.2647296125148779 0.01133533464355938 -0.2876674231953262
650 0.1354497071727025 -0.02633952357754633 0.3642180539930658
651 0.007511082996557505 -0.003378755203268816 0.3861425161286525
652 -0.09611741452933401 -0.1810229041357427 -0.3732728836159809
653 -0.07784490742224702 -0.3594557545089048 -0.0263507652204997
654 0.2087141006942367 -0.2460915662447297 -0.189426556220129
655 0.08439812098084679 -0.07819833494059499 -0.2524218988612998
656 -0.0340366489247402 -0.04962244186583515 -0.3826017539607631
657 -0.2349357945169529 -0.217199851169031 -0.2621552333040998
658 -0.1263425272884328 0.1666843405222247 0.05213234457015638
659 -0.1859728555012383 0.0307306155104257 0.0367059132136909
660 -0.1812994401645337 0.1679182459233758 0.3091090493110811
661 0.1932233793381685 0.004023659103669072 0.09423337034380948
662 -0.3263064547824599 -0.1482482204047079 -0.06273790005226546
663 0.07676293307014521 -0.001670666883986576 -0.03064516863604866
664 -0.1355176538192873 -0.1107733206903328 -0.2303082358314893
665 -0.03552757722173842 -0.01516260223959684 0.1619615208750759
666 0.08668054834524666 0.2145586656801028 -0.1201572323721107
667 0.05956293652122669 -0.2562704582809451 0.2409535212853382
668 -0.17729436874253 -0.1227499224176485 0.09999639259454443
669 -0.1099816044578898 -0.3089795115642385 -0.1979752794900365
670 0.02484459455354034 -0.3703398503685345 0.1108501395755767
671 -0.08026286870396894 -0.3726924057174056 0.08371159468967201
672 -0.2647476389115502 -0.1752138037471987 0.1748554095386829
673 -0.2744890541975605 -0.04997914147431191 -0.2394728413679464
674 -0.2526724685004761 -0.05738907324203349 -0.3269781168505225
675 -0.0466911797144987 0.3797256234056574 -0.02581369915655465
676 0.05154617114577989 -0.1971129949862263 -0.1200756041441949
677 0.05027555119261765 -0.2482361148605199 -0.3106190213507294
678 0.1739982166815928 0.07221366346963995 -0.2087922543974166
679 0.38833063864212 -0.1284002765567506 0.02818156758046884
680 0.07325223031492224 0.1348338338610856 0.1375849961694838
681 -0.1631640675977719 -0.1367862653547411 -0.3513474251302746
682 -0.0601927573737656 -0.201952863036305 -0.1835277692479274
683 -0.1965456621698264 -0.02659171573592809 0.3596135151217705
684 0.1481800909178939 -0.09640951723227761 -0.03424686799718463
685 0.2947260588193146 0.2144419729283395 0.03791342490584378
686 0.2132312709226523 -0.1065689650521025 -0.3060622337148322
687 -0.1171433764100702 0.1386395408967017 -0.1192339206605767
688 -0.1213926643300007 -0.009622896069340105 0.407202230954357
689 -0.05525917197022813 -0.1178408489014759 0.3672865144099317
690 -0.1701235455900614 -0.1141547645147239 0.4070299516685497
691 -0.1783457847537737 -0.00385150979499875 -0.1028760874179547
692 0.2076517348187017 -0.1339272674105196 -0.2065835065086167
693 -0.1155846348134728 0.09094572967602023 0.2313321803885678
694 0.2925162560356899 -0.2157958032339816 -0.009889413973915649
695 0.1944143151603317 0.1312384326606497 -0.01036745745047622
696 -0.08314500537672452 -0.2492448458658028 -0.01300641269387676
697 0.1588997009310102 -0.01925615529210905 -0.1325431308419633
698 0.09319733006442035 0.1086706369328497 0.3640893437111553
699 -0.1602429265976043 0.1225982736508499 -0.2034973870234381
700 0.07942075600769279 0.2132985384119601 0.01999250139083267
701 0.00290208257550207 -0.318233950790466 -0.2610560199855428
702 -0.3459477771561553 0.1086844162937313 -0.05932604466352875
703 -0.1259830307039518 -0.2194641797950741 -0.1103372906205796
704 -0.03642754638553768 0.1452084120010774 -0.2477129243598911
705 0.1469358243562784 -0.2733138315754163 -0.2619528934549313
706 0.2797224973945617 0.09830170176804573 0.2497737057664884
707 0.100687180269718 0.0160549787851185 -0.2377205276228591
708 0.1016627052807647 -0.3698530398177626 0.03168576612597807
709 -0.2363755421764511 0.1959398486666287 -0.231733998252986
710 -0.09200031937820174 -0.2512623407345078 -0.3384213569374276
711 -0.1940420469952848 -0.123492040002546 0.324584407860549
712 -0.2104663473400827 -0.07430011418873878 0.003699871051293303
713 -0.06052711923257394 0.2409169104342164 0.01522528323715606
714 0.09604892968973612 0.2247144227587528 -0.2822910561524141
715 -0.03988498658206203 -0.2623499618606793 0.2697853921203512
716 -0.1298584569546881 -0.21168138375442 0.3095353633628583
717 -0.1242924586799622 0.2003344838427586 0.14684909353349
718 0.1557029007871497 0.08312666287794643 -0.1048397304101406
719 0.1118198294028052 -0.05846247632789427 0.158967065476146
720 -0.2118698067229891 -0.1808584125159644 -0.3261933619241918
721 0.1249484365258751 0.2767169894935246 0.196719112192864
722 -0.09708797624508388 -0.174904096148323 -0.2569465620452331
723 -0.2133170231134094 0.08375354072488454 0.1239992244535871
724 0.1623648195976092 0.2832322079087267 -0.1931381205598638
725 0.3202760008329363 0.1099434193014893 -0.04256016022057679
726 -0.04247967318541988 -0.1670143294594679 -0.0909871174248721
727 -0.1672946038352053 -0.329080863543957 -0.09691159407665829
728 -0.2401307554434681 -0.291490311773187 0.130397864226611
729 -0.2461539772571745 -0.1238105437574076 -0.3421567116636016
730 -0.2959433712270697 -0.1382372654654156 -0.2716861460664529
731 -0.02000179225449093 0.06530502153641547 -0.3947085791946335
732 -0.3877969932439209 0.00794261892497828 -0.1013215135470389
733 -0.03276025867392847 0.06363209463083874 0.04462446430176567
734 -0.02008738991632122 0.2332487789501592 0.1540500518264998
735 0.01684922242860567 -0.0811383809037256 0.0830482412625
736 0.2060907111539828 -0.2988232246996205 0.02999028246290825
737 -0.05397091490188253 0.153638138073208 -0.02032325798065052
738 -0.2064654245415438 0.3313891181672081 0.07760448310678313
739 -0.2653349678277884 0.177867675812565 0.2638678828328511
740 0.08417950159003521 0.3322985741214322 -0.1120480222837381
741 -0.02749675620095616 -0.02413149213509098 -0.07613984827380571
742 -0.1181107502748899 -0.08254731494723896 0.1813438136234893
743 0.006824386980337466 -0.2228592285115198 0.1345854863111961
744 0.07609911641987896 -0.2155382404849637 -0.01429361277713976
745 -0.09426449367422375 -0.3053076287667346 -0.2776877585651827
746 -0.1667878623838398 -0.2680563095877639 -0.2511473359848583
747 -0.1166508677619097 -0.1681922977810295 0.3751068975687397
748 0.009110964818988314 0.04918165062989069 -0.2187905671442578
749 -0.002289750648952808 0.06805343159436604 -0.1217223604547873
750 0.222819925594941 0.08602021403883718 0.1584679720494912
751 -0.03573692582600212 0.02438300706653358 0.2664727301166165
752 0.1685099248051594 -0.2500413820254608 0.2544651677357994
753 -0.1259582931023203 0.2827778634535841 -0.2685973212527904
754 -0.02326386889984695 -0.1496020237921228 -0.2812119552959114
755 0.06610926879299132 0.3594374418269636 0.001067369704750853
756 0.04321786530936313 -0.1176490915908678 0.4038913243647669
757 0.3152356218052134 0.1413330947910808 -0.190842229325826
758 0.08399239867323391 0.04427606654114381 -0.3957914882216323
759 -0.3153002999509771 0.08596213884450875 -0.2740034275979857
760 -0.3107280554726283 0.1392850355511093 -0.187762129182411
761 -0.1825776262308567 0.1307451691400217 -0.04723729015242144
762 -0.1785566439529974 0.2871121379305513 0.1634546804111558
763 -0.2620648367853811 0.04969766061320112 -0.3309044996098555
764 -0.1647770134877546 -0.3633024041824482 0.1233213799756027
765 -0.06413578029103371 0.004423313837645095 -0.3107062440317854
766 -0.02772725202250996 -0.4467467001783937 0.103872528615773
767 0.1504401325719595 0.3179485101939609 0.0836501428422521
768 -0.1354572490904644 0.3446744120280937 0.007091433171581646
769 -0.3571330044149519 -0.1980422995391408 0.02627313120049363
770 -0.3452078723811329 -0.1815711692500377 0.1210941694508428
771 -0.2920691521761839 0.211552436898717 -0.05375502916000262
772 -0.07309566411615614 0.2392438263183058 -0.1189637698189488
773 0.03226686338384415 -0.0963847352082732 -0.1239868387701018
774 0.3051138369463724 -0.1805179421810285 -0.1870839952064722
775 -0.3767452025584555 -0.06273100846783958 0.007678545403552974
776 -0.1147575811201643 0.3764585480260372 0.1061863150522432
777 0.1145381245294109 0.1038174731599472 0.04851751859564743
778 -0.1472533953133717 -0.143989233941184 -0.2867831193612796
779 0.1665310421444679 0.1936940425450727 -0.3301699256582784
780 0.3730196966682012 -0.01366408933600968 0.07975264093233228
781 0.1974925697140647 0.0570527568505173 0.3290157211460354
782 -0.08873549922719914 -0.07856114895591773 0.413447425481441
783 -0.1634888461848971 -0.06355899982670653 0.3972683539513914
784 -0.01086656225066413 0.07738249614421275 0.1395319850166402
785 -0.3938927544784032 0.08545665849046838 0.03902834824593356
786 0.01602594732240044 -0.3558635260195736 -0.1550456868003775
787 -0.08991439930833645 -0.09929015625325326 -0.3950720593134086
788 0.006913690949636597 -0.3732466850462123 0.01657841780207331
789 -0.207841279064174 0.0478358172979348 -0.1900183365701121
790 0.363804130456295 -0.2150304689490795 0.177782815449013
791 0.3392526246188571 -0.2715283780685701 0.03914744748283214
792 0.3239352463463921 -0.1546076433200884 0.07721540550775312
793 0.3718261982525947 -0.2233256111583784 0.06432586923059258
794 0.1455937594231309 -0.1298291857318393 0.3643579407878459
795 0.1089158676317434 -0.05483742883962053 0.04954278126931123
796 -0.02564776228060127 -0.07113898896640902 -0.3041486598317444
797 -0.07545313621103816 0.1752678642386062 -0.3619449828116872
798 -0.1350933166333323 0.1321161506417528 0.3580488153531772
799 -0.09337125692312673 0.05348835256206565 0.3845418867575482
800 -0.2027877809949943 0.04303030829921906 0.2314654264007172
801 -0.1859975527753909 -0.2596968768042811 -0.02371924674552391
802 -0.3420984309607606 -0.06962177987105789 -0.1590048385799203
803 0.1267998854417363 0.0511451876965294 0.1615536439886524
804 0.1268563749795684 -0.234781642645162 -0.3290028500674321
805 0.145017925829809 -0.3281924588189419 -0.1720373725495948
806 0.2299702703713144 -0.3141273207006219 -0.1136201216473018
807 -0.3347305954717825 0.1993572232478591 0.04985192156608758
808 0.3806626029684244 0.1527582752633417 0.04952246573832507
809 -0.01707098014851843 -0.2079695613660098 -0.3484699757489618
810 -0.1388718074210936 -0.2921909874192606 0.2575793709597505
811 -0.06483370786668499 -0.1280672928718449 -0.2049373231633201
812 0.1856742468538298 0.258297339277041 -0.2739685772378259
813 0.2766452581183739 0.2700418077560293 0.1220732644651749
814 -0.04104019917650527 -0.3830584561365117 0.1499125793963044
815 0.03800787831383711 -0.3523783640805107 0.2114243913181029
816 -0.1926495091775545 -0.206148035713297 0.05543347094919138
817 -0.2114671732113389 -0.09909365754027333 0.2055422976596256
818 -0.0811213141408304 0.2212871999202795 0.3289553128261067
819 -0.1209840865160355 -0.06985068964696595 -0.04110285597442434
820 -0.1509978140520846 0.05441884244297697 -0.2544374143227624
821 -0.1128061447971018 0.04914618240506834 -0.3929050788121676
822 0.1978667882882244 -0.1297257813837627 0.1461427274588274
823 -0.166346563656518 -0.1458079323764945 -0.1342487032337067
824 -0.28457691779435 0.3050296030949979 0.04610895624731009
825 -0.01805507657494667 0.2069609476806221 -0.1866512118072912
826 0.02210604673997537 0.3143908291028093 0.2179395023284766
827 -0.2547239206868842 -0.0210602447389753 -0.1569380506870597
828 0.338461195937027 0.02979083331887133 0.1796476629017238
829 -0.1964578260148879 0.25456592885318 0.2539957885009055
830 0.08971312593634129 -0.1819408486070005 -0.1991270900029183
831 -0.1150331139994087 -0.05072168489267245 -0.2777294602282799
832 -0.2558837619598671 0.06107596958446723 -0.03158831715921636
833 0.06305319573076301 -0.2017880738311137 0.3504890141652475
834 -0.2689160123711307 -0.01150154262944689 0.3408627382038587
835 0.1229070496663223 -0.1464120949628831 -0.3670829734098051
836 -0.06624385497918402 -0.2883456735428181 0.08453800212667774
837 0.2530821452559541 -0.2096344520285603 0.257286117162833
838 0.237166382479643 0.1471162580855735 0.3055497765830372
839 0.08083539513178449 -0.3150935558287619 -0.2789811783020351
840 -0.04992340809546723 0.3275685134073703 0.05428484686556802
841 -0.2020201637230931 -0.1396617087088212 -0.2106773344803368
842 -0.2037996089559702 0.1737742555791602 0.1098774567211902
843 0.1206593877750783 -0.06408963372528356 0.2578323071163598
844 -0.2690943937081473 -0.1942017255931352 -0.1802966459200025
845 -0.1842212309071222 -0.3724484654305055 0.03085650820722052
846 -0.1047944630937417 -0.01126953615052327 -0.1676547953019275
847 0.05661997506915575 -0.06307482527974241 -0.3984042748889424
848 -0.18577677410426 0.1026295760804715 -0.3502948130163502
849 0.01931479297804957 -0.173151184134871 0.0521051102450559
850 0.2757770736681244 -0.06130888143101496 -0.3121197853584481
851 -0.01342192742520009 0.3863539828042331 -0.1229032939005891
852 0.2549523495790471 0.09908208932741835 -0.2515236757207867
853 -0.2004156053735155 -0.23532078191127 -0.306489904372417
854 -0.06635680842557459 0.2814548257524206 -0.1975367222837338
855 0.07388012137781526 0.2335005619626812 0.1183180448943146
856 -0.1680619370007078 0.2326255798211574 0.01838775571341392
857 -0.08526239291109798 -0.140912012350126 0.2552361015153484
858 -0.373166946834008 -0.09338262226688929 0.09792055690210048
859 -0.1478599505679931 0.2120540478111648 -0.1269003563285425
860 0.06079104896150615 0.08097811519467368 -0.2843800353670531
861 0.2245207962252847 -0.2020425245415801 0.07140542395647916
862 -0.2464026915169652 -0.1667255142133098 -0.01330972270306123
863 0.02233405190300602 0.1862564855503097 -0.03969411095108683
864 -0.2521648369162369 -0.04520983862957539 0.08217631916433411
865 0.3406043245117488 -0.03016538818577333 -0.2748260189678148
866 0.3736971271655634 -0.05184977177024689 -0.1764242389886485
867 0.07493833809758922 0.1203411843058545 0.2365353736100745
868 0.02301844032134163 -0.06072295136581973 -0.2022057479899252
869 -0.2829730579397892 0.1855281798351361 0.1711108161371447
870 0.1166639684558789 -0.04352745764115454 -0.1919411405466595
871 0.1183966845302303 -0.189477820808405 0.183195203559198
872 0.1805769336688069 -0.1982854906852518 0.3234516184586811
873 -0.3228933203828978 -0.01238686566347473 0.2754681407200316
874 -0.1190286203314059 0.01482357006034728 0.1817619517186069
875 -0.0759128408275162 0.2148394420460391 0.08712810179445447
876 0.1046088604105549 -0.3920957865412102 0.111262201391362
877 0.2061893185626226 0.2482823431771239 0.2506503556221642
878 -0.06691054544030241 -0.1371411016253393 -0.006279943027035773
879 -0.2974640157978118 -0.1159737016329626 0.2533112740734818
880 0.05310575380776798 -0.1697967730606942 -0.2691186406660303
881 -0.1230963811464336 0.1789390717005647 0.2426404361078787
882 0.01117183807572519 0.05944407442003083 -0.03346248718783447
883 -0.00335113732527649 -0.01976868363226853 0.01412920535359206
884 -0.01881188467191866 -0.07181559702941408 0.2764571292766361
885 0.2890958066930849 0.01412267389633681 0.008980298508266343
886 -0.05709170104573928 0.1493251221954386 0.1376809482273102
887 -0.09018050033656649 0.2876497603554965 -0.0502735237287598
888 0.2499705319517939 -0.03855277763883087 -0.1809374333532669
889 0.006521709836219001 -0.2181746267206006 -0.2222185074429729
890 0.2331107673978691 -0.2010405553792105 -0.2716651164343363
891 0.2853179709121388 -0.1136899125115324 0.2122397657086371
$EndNodes
$Elements
4863
1 2 2 0 1 1 2 3
2 2 2 0 1 477 2 1
3 2 2 0 1 1 3 4
4 2 2 0 1 9 1 4
5 2 2 0 1 479 1 9
6 2 2 0 1 479 477 1
7 2 2 0 1 2 28 3
8 2 2 0 1 2 27 28
9 2 2 0 1 475 27 2
10 2 2 0 1 477 475 2
11 2 2 0 1 4 3 34
12 2 2 0 1 3 28 33
13 2 2 0 1 3 33 34
14 2 2 0 1 9 4 10
15 2 2 0 1 10 4 37
16 2 2 0 1 4 34 37
17 2 2 0 1 5 6 7
18 2 2 0 1 478 6 5
19 2 2 0 1 5 7 8
20 2 2 0 1 11 5 8
21 2 2 0 1 480 5 11
22 2 2 0 1 480 478 5
23 2 2 0 1 6 31 7
24 2 2 0 1 6 29 31
25 2 2 0 1 476 29 6
26 2 2 0 1 478 476 6
27 2 2 0 1 8 7 36
28 2 2 0 1 7 31 35
29 2 2 0 1 7 35 36
30 2 2 0 1 11 8 12
31 2 2 0 1 12 8 38
32 2 2 0 1 8 36 38
33 2 2 0 1 13 9 10
34 2 2 0 1 481 9 13
35 2 2 0 1 481 479 9
36 2 2 0 1 13 10 14
37 2 2 0 1 14 10 39
38 2 2 0 1 10 37 39
39 2 2 0 1 15 11 12
40 2 2 0 1 482 11 15
41 2 2 0 1 482 480 11
42 2 2 0 1 15 12 16
43 2 2 0 1 16 12 40
44 2 2 0 1 12 38 40
45 2 2 0 1 17 13 14
46 2 2 0 1 468 13 17
47 2 2 0 1 468 481 13
48 2 2 0 1 17 14 18
49 2 2 0 1 18 14 41
50 2 2 0 1 14 39 41
51 2 2 0 1 19 15 16
52 2 2 0 1 470 15 19
53 2 2 0 1 470 482 15
54 2 2 0 1 19 16 20
55 2 2 0 1 20 16 42
56 2 2 0 1 16 40 42
57 2 2 0 1 21 17 18
58 2 2 0 1 469 17 21
59 2 2 0 1 469 468 17
60 2 2 0 1 21 18 22
61 2 2 0 1 22 18 43
62 2 2 0 1 18 41 43
63 2 2 0 1 23 19 20
64 2 2 0 1 471 19 23
65 2 2 0 1 471 470 19
66 2 2 0 1 23 20 24
67 2 2 0 1 24 20 44
68 2 2 0 1 20 42 44
69 2 2 0 1 25 21 22
70 2 2 0 1 472 21 25
71 2 2 0 1 472 469 21
72 2 2 0 1 25 22 26
73 2 2 0 1 26 22 45
74 2 2 0 1 22 43 45
75 2 2 0 1 27 23 24
76 2 2 0 1 473 23 27
77 2 2 0 1 473 471 23
78 2 2 0 1 27 24 28
79 2 2 0 1 28 24 46
80 2 2 0 1 24 44 46
81 2 2 0 1 32 25 26
82 2 2 0 1 32 472 25
83 2 2 0 1 32 26 47
84 2 2 0 1 26 45 47
85 2 2 0 1 475 473 27
86 2 2 0 1 28 46 33
87 2 2 0 1 29 30 31
88 2 2 0 1 474 30 29
89 2 2 0 1 476 474 29
90 2 2 0 1 31 30 35
91 2 2 0 1 35 30 56
92 2 2 0 1 56 30 63
93 2 2 0 1 63 30 85
94 2 2 0 1 85 30 107
95 2 2 0 1 107 30 114
96 2 2 0 1 114 30 135
97 2 2 0 1 135 30 142
98 2 2 0 1 142 30 164
99 2 2 0 1 164 30 170
100 2 2 0 1 170 30 193
101 2 2 0 1 193 30 198
102 2 2 0 1 198 30 222
103 2 2 0 1 222 30 230
104 2 2 0 1 230 30 251
105 2 2 0 1 251 30 272
106 2 2 0 1 272 30 279
107 2 2 0 1 279 30 301
108 2 2 0 1 301 30 308
109 2 2 0 1 308 30 330
110 2 2 0 1 330 30 337
111 2 2 0 1 337 30 359
112 2 2 0 1 359 30 365
113 2 2 0 1 365 30 388
114 2 2 0 1 388 30 396
115 2 2 0 1 396 30 416
116 2 2 0 1 416 30 423
117 2 2 0 1 423 30 445
118 2 2 0 1 445 30 467
119 2 2 0 1 467 30 474
120 2 2 0 1 32 47 54
121 2 2 0 1 32 54 76
122 2 2 0 1 32 76 83
123 2 2 0 1 32 83 105
124 2 2 0 1 32 105 112
125 2 2 0 1 32 112 133
126 2 2 0 1 32 133 139
127 2 2 0 1 32 139 162
128 2 2 0 1 32 162 171
129 2 2 0 1 32 171 191
130 2 2 0 1 32 191 199
131 2 2 0 1 32 199 220
132 2 2 0 1 32 220 242
133 2 2 0 1 32 242 249
134 2 2 0 1 32 249 270
135 2 2 0 1 32 270 277
136 2 2 0 1 32 277 299
137 2 2 0 1 32 299 306
138 2 2 0 1 32 306 328
139 2 2 0 1 32 328 334
140 2 2 0 1 32 334 357
141 2 2 0 1 32 357 366
142 2 2 0 1 32 366 386
143 2 2 0 1 32 386 393
144 2 2 0 1 32 393 414
145 2 2 0 1 32 414 436
146 2 2 0 1 32 436 443
147 2 2 0 1 32 443 465
148 2 2 0 1 32 465 472
149 2 2 0 1 34 33 55
150 2 2 0 1 33 46 53
151 2 2 0 1 33 53 55
152 2 2 0 1 37 34 57
153 2 2 0 1 34 55 57
154 2 2 0 1 36 35 56
155 2 2 0 1 38 36 58
156 2 2 0 1 36 56 58
157 2 2 0 1 39 37 59
158 2 2 0 1 37 57 59
159 2 2 0 1 40 38 60
160 2 2 0 1 38 58 60
161 2 2 0 1 41 39 61
162 2 2 0 1 39 59 61
163 2 2 0 1 42 40 62
164 2 2 0 1 40 60 62
165 2 2 0 1 43 41 48
166 2 2 0 1 41 61 48
167 2 2 0 1 44 42 50
168 2 2 0 1 42 62 50
169 2 2 0 1 45 43 49
170 2 2 0 1 43 48 49
171 2 2 0 1 46 44 51
172 2 2 0 1 44 50 51
173 2 2 0 1 47 45 52
174 2 2 0 1 45 49 52
175 2 2 0 1 46 51 53
176 2 2 0 1 47 52 54
177 2 2 0 1 49 48 70
178 2 2 0 1 48 61 68
179 2 2 0 1 48 68 70
180 2 2 0 1 52 49 72
181 2 2 0 1 49 70 72
182 2 2 0 1 51 50 71
183 2 2 0 1 50 62 69
184 2 2 0 1 50 69 71
185 2 2 0 1 53 51 73
186 2 2 0 1 51 71 73
187 2 2 0 1 54 52 74
188 2 2 0 1 52 72 74
189 2 2 0 1 55 53 75
190 2 2 0 1 53 73 75
191 2 2 0 1 54 74 76
192 2 2 0 1 57 55 77
193 2 2 0 1 55 75 77
194 2 2 0 1 58 56 63
195 2 2 0 1 59 57 65
196 2 2 0 1 57 77 65
197 2 2 0 1 60 58 64
198 2 2 0 1 58 63 64
199 2 2 0 1 61 59 66
200 2 2 0 1 59 65 66
201 2 2 0 1 62 60 67
202 2 2 0 1 60 64 67
203 2 2 0 1 61 66 68
204 2 2 0 1 62 67 69
205 2 2 0 1 64 63 85
206 2 2 0 1 67 64 87
207 2 2 0 1 64 85 87
208 2 2 0 1 66 65 86
209 2 2 0 1 65 77 84
210 2 2 0 1 65 84 86
211 2 2 0 1 68 66 88
212 2 2 0 1 66 86 88
213 2 2 0 1 69 67 89
214 2 2 0 1 67 87 89
215 2 2 0 1 70 68 90
216 2 2 0 1 68 88 90
217 2 2 0 1 71 69 91
218 2 2 0 1 69 89 91
219 2 2 0 1 72 70 92
220 2 2 0 1 70 90 92
221 2 2 0 1 73 71 78
222 2 2 0 1 71 91 78
223 2 2 0 1 74 72 80
224 2 2 0 1 72 92 80
225 2 2 0 1 75 73 79
226 2 2 0 1 73 78 79
227 2 2 0 1 76 74 81
228 2 2 0 1 74 80 81
229 2 2 0 1 77 75 82
230 2 2 0 1 75 79 82
231 2 2 0 1 76 81 83
232 2 2 0 1 77 82 84
233 2 2 0 1 79 78 100
234 2 2 0 1 78 91 98
235 2 2 0 1 78 98 100
236 2 2 0 1 82 79 102
237 2 2 0 1 79 100 102
238 2 2 0 1 81 80 101
239 2 2 0 1 80 92 99
240 2 2 0 1 80 99 101
241 2 2 0 1 83 81 103
242 2 2 0 1 81 101 103
243 2 2 0 1 84 82 104
244 2 2 0 1 82 102 104
245 2 2 0 1 83 103 105
246 2 2 0 1 86 84 106
247 2 2 0 1 84 104 106
248 2 2 0 1 87 85 107
249 2 2 0 1 88 86 93
250 2 2 0 1 86 106 93
251 2 2 0 1 89 87 95
252 2 2 0 1 87 107 95
253 2 2 0 1 90 88 94
254 2 2 0 1 88 93 94
255 2 2 0 1 91 89 96
256 2 2 0 1 89 95 96
257 2 2 0 1 92 90 97
258 2 2 0 1 90 94 97
259 2 2 0 1 91 96 98
260 2 2 0 1 92 97 99
261 2 2 0 1 94 93 115
262 2 2 0 1 93 106 113
263 2 2 0 1 93 113 115
264 2 2 0 1 97 94 117
265 2 2 0 1 94 115 117
266 2 2 0 1 96 95 116
267 2 2 0 1 95 107 114
268 2 2 0 1 95 114 116
269 2 2 0 1 98 96 118
270 2 2 0 1 96 116 118
271 2 2 0 1 99 97 119
272 2 2 0 1 97 117 119
273 2 2 0 1 100 98 120
274 2 2 0 1 98 118 120
275 2 2 0 1 101 99 121
276 2 2 0 1 99 119 121
277 2 2 0 1 102 100 122
278 2 2 0 1 100 120 122
279 2 2 0 1 103 101 108
280 2 2 0 1 101 121 108
281 2 2 0 1 104 102 110
282 2 2 0 1 102 122 110
283 2 2 0 1 105 103 109
284 2 2 0 1 103 108 109
285 2 2 0 1 106 104 111
286 2 2 0 1 104 110 111
287 2 2 0 1 105 109 112
288 2 2 0 1 106 111 113
289 2 2 0 1 109 108 129
290 2 2 0 1 108 121 127
291 2 2 0 1 108 127 129
292 2 2 0 1 112 109 131
293 2 2 0 1 109 129 131
294 2 2 0 1 111 110 130
295 2 2 0 1 110 122 128
296 2 2 0 1 110 128 130
297 2 2 0 1 113 111 132
298 2 2 0 1 111 130 132
299 2 2 0 1 112 131 133
300 2 2 0 1 115 113 134
301 2 2 0 1 113 132 134
302 2 2 0 1 116 114 135
303 2 2 0 1 117 115 136
304 2 2 0 1 115 134 136
305 2 2 0 1 118 116 137
306 2 2 0 1 116 135 137
307 2 2 0 1 119 117 123
308 2 2 0 1 117 136 123
309 2 2 0 1 120 118 125
310 2 2 0 1 118 137 125
311 2 2 0 1 121 119 124
312 2 2 0 1 119 123 124
313 2 2 0 1 122 120 126
314 2 2 0 1 120 125 126
315 2 2 0 1 121 124 127
316 2 2 0 1 122 126 128
317 2 2 0 1 124 123 145
318 2 2 0 1 123 136 143
319 2 2 0 1 123 143 145
320 2 2 0 1 127 124 147
321 2 2 0 1 124 145 147
322 2 2 0 1 126 125 146
323 2 2 0 1 125 137 144
324 2 2 0 1 125 144 146
325 2 2 0 1 128 126 148
326 2 2 0 1 126 146 148
327 2 2 0 1 129 127 149
328 2 2 0 1 127 147 149
329 2 2 0 1 130 128 150
330 2 2 0 1 128 148 150
331 2 2 0 1 131 129 151
332 2 2 0 1 129 149 151
333 2 2 0 1 132 130 152
334 2 2 0 1 130 150 152
335 2 2 0 1 133 131 138
336 2 2 0 1 131 151 138
337 2 2 0 1 134 132 140
338 2 2 0 1 132 152 140
339 2 2 0 1 133 138 139
340 2 2 0 1 136 134 141
341 2 2 0 1 134 140 141
342 2 2 0 1 137 135 142
343 2 2 0 1 136 141 143
344 2 2 0 1 137 142 144
345 2 2 0 1 139 138 160
346 2 2 0 1 138 151 158
347 2 2 0 1 138 158 160
348 2 2 0 1 139 160 162
349 2 2 0 1 141 140 161
350 2 2 0 1 140 152 159
351 2 2 0 1 140 159 161
352 2 2 0 1 143 141 163
353 2 2 0 1 141 161 163
354 2 2 0 1 144 142 164
355 2 2 0 1 145 143 165
356 2 2 0 1 143 163 165
357 2 2 0 1 146 144 166
358 2 2 0 1 144 164 166
359 2 2 0 1 147 145 167
360 2 2 0 1 145 165 167
361 2 2 0 1 148 146 153
362 2 2 0 1 146 166 153
363 2 2 0 1 149 147 155
364 2 2 0 1 147 167 155
365 2 2 0 1 150 148 154
366 2 2 0 1 148 153 154
367 2 2 0 1 151 149 156
368 2 2 0 1 149 155 156
369 2 2 0 1 152 150 157
370 2 2 0 1 150 154 157
371 2 2 0 1 151 156 158
372 2 2 0 1 152 157 159
373 2 2 0 1 154 153 175
374 2 2 0 1 153 166 173
375 2 2 0 1 153 173 175
376 2 2 0 1 157 154 177
377 2 2 0 1 154 175 177
378 2 2 0 1 156 155 176
379 2 2 0 1 155 167 174
380 2 2 0 1 155 174 176
381 2 2 0 1 158 156 178
382 2 2 0 1 156 176 178
383 2 2 0 1 159 157 179
384 2 2 0 1 157 177 179
385 2 2 0 1 160 158 180
386 2 2 0 1 158 178 180
387 2 2 0 1 161 159 181
388 2 2 0 1 159 179 181
389 2 2 0 1 162 160 182
390 2 2 0 1 160 180 182
391 2 2 0 1 163 161 168
392 2 2 0 1 161 181 168
393 2 2 0 1 162 182 171
394 2 2 0 1 165 163 169
395 2 2 0 1 163 168 169
396 2 2 0 1 166 164 170
397 2 2 0 1 167 165 172
398 2 2 0 1 165 169 172
399 2 2 0 1 166 170 173
400 2 2 0 1 167 172 174
401 2 2 0 1 169 168 190
402 2 2 0 1 168 181 188
403 2 2 0 1 168 188 190
404 2 2 0 1 172 169 192
405 2 2 0 1 169 190 192
406 2 2 0 1 173 170 193
407 2 2 0 1 171 182 189
408 2 2 0 1 171 189 191
409 2 2 0 1 174 172 194
410 2 2 0 1 172 192 194
411 2 2 0 1 175 173 195
412 2 2 0 1 173 193 195
413 2 2 0 1 176 174 196
414 2 2 0 1 174 194 196
415 2 2 0 1 177 175 197
416 2 2 0 1 175 195 197
417 2 2 0 1 178 176 183
418 2 2 0 1 176 196 183
419 2 2 0 1 179 177 185
420 2 2 0 1 177 197 185
421 2 2 0 1 180 178 184
422 2 2 0 1 178 183 184
423 2 2 0 1 181 179 186
424 2 2 0 1 179 185 186
425 2 2 0 1 182 180 187
426 2 2 0 1 180 184 187
427 2 2 0 1 181 186 188
428 2 2 0 1 182 187 189
429 2 2 0 1 184 183 205
430 2 2 0 1 183 196 203
431 2 2 0 1 183 203 205
432 2 2 0 1 187 184 207
433 2 2 0 1 184 205 207
434 2 2 0 1 186 185 206
435 2 2 0 1 185 197 204
436 2 2 0 1 185 204 206
437 2 2 0 1 188 186 208
438 2 2 0 1 186 206 208
439 2 2 0 1 189 187 209
440 2 2 0 1 187 207 209
441 2 2 0 1 190 188 210
442 2 2 0 1 188 208 210
443 2 2 0 1 191 189 211
444 2 2 0 1 189 209 211
445 2 2 0 1 192 190 212
446 2 2 0 1 190 210 212
447 2 2 0 1 191 211 199
448 2 2 0 1 194 192 200
449 2 2 0 1 192 212 200
450 2 2 0 1 195 193 198
451 2 2 0 1 196 194 201
452 2 2 0 1 194 200 201
453 2 2 0 1 197 195 202
454 2 2 0 1 195 198 202
455 2 2 0 1 196 201 203
456 2 2 0 1 197 202 204
457 2 2 0 1 202 198 222
458 2 2 0 1 199 211 218
459 2 2 0 1 199 218 220
460 2 2 0 1 201 200 221
461 2 2 0 1 200 212 219
462 2 2 0 1 200 219 221
463 2 2 0 1 203 201 223
464 2 2 0 1 201 221 223
465 2 2 0 1 204 202 224
466 2 2 0 1 202 222 224
467 2 2 0 1 205 203 225
468 2 2 0 1 203 223 225
469 2 2 0 1 206 204 226
470 2 2 0 1 204 224 226
471 2 2 0 1 207 205 227
472 2 2 0 1 205 225 227
473 2 2 0 1 208 206 213
474 2 2 0 1 206 226 213
475 2 2 0 1 209 207 215
476 2 2 0 1 207 227 215
477 2 2 0 1 210 208 214
478 2 2 0 1 208 213 214
479 2 2 0 1 211 209 216
480 2 2 0 1 209 215 216
481 2 2 0 1 212 210 217
482 2 2 0 1 210 214 217
483 2 2 0 1 211 216 218
484 2 2 0 1 212 217 219
485 2 2 0 1 214 213 235
486 2 2 0 1 213 226 233
487 2 2 0 1 213 233 235
488 2 2 0 1 217 214 237
489 2 2 0 1 214 235 237
490 2 2 0 1 216 215 236
491 2 2 0 1 215 227 234
492 2 2 0 1 215 234 236
493 2 2 0 1 218 216 238
494 2 2 0 1 216 236 238
495 2 2 0 1 219 217 239
496 2 2 0 1 217 237 239
497 2 2 0 1 220 218 240
498 2 2 0 1 218 238 240
499 2 2 0 1 221 219 241
500 2 2 0 1 219 239 241
501 2 2 0 1 220 240 242
502 2 2 0 1 223 221 228
503 2 2 0 1 221 241 228
504 2 2 0 1 224 222 230
505 2 2 0 1 225 223 229
506 2 2 0 1 223 228 229
507 2 2 0 1 226 224 231
508 2 2 0 1 224 230 231
509 2 2 0 1 227 225 232
510 2 2 0 1 225 229 232
511 2 2 0 1 226 231 233
512 2 2 0 1 227 232 234
513 2 2 0 1 229 228 250
514 2 2 0 1 228 241 248
515 2 2 0 1 228 248 250
516 2 2 0 1 232 229 252
517 2 2 0 1 229 250 252
518 2 2 0 1 231 230 251
519 2 2 0 1 233 231 253
520 2 2 0 1 231 251 253
521 2 2 0 1 234 232 254
522 2 2 0 1 232 252 254
523 2 2 0 1 235 233 255
524 2 2 0 1 233 253 255
525 2 2 0 1 236 234 256
526 2 2 0 1 234 254 256
527 2 2 0 1 237 235 257
528 2 2 0 1 235 255 257
529 2 2 0 1 238 236 243
530 2 2 0 1 236 256 243
531 2 2 0 1 239 237 245
532 2 2 0 1 237 257 245
533 2 2 0 1 240 238 244
534 2 2 0 1 238 243 244
535 2 2 0 1 241 239 246
536 2 2 0 1 239 245 246
537 2 2 0 1 242 240 247
538 2 2 0 1 240 244 247
539 2 2 0 1 241 246 248
540 2 2 0 1 242 247 249
541 2 2 0 1 244 243 264
542 2 2 0 1 243 256 262
543 2 2 0 1 243 262 264
544 2 2 0 1 247 244 266
545 2 2 0 1 244 264 266
546 2 2 0 1 246 245 265
547 2 2 0 1 245 257 263
548 2 2 0 1 245 263 265
549 2 2 0 1 248 246 267
550 2 2 0 1 246 265 267
551 2 2 0 1 249 247 268
552 2 2 0 1 247 266 268
553 2 2 0 1 250 248 269
554 2 2 0 1 248 267 269
555 2 2 0 1 249 268 270
556 2 2 0 1 252 250 271
557 2 2 0 1 250 269 271
558 2 2 0 1 253 251 272
559 2 2 0 1 254 252 258
560 2 2 0 1 252 271 258
561 2 2 0 1 255 253 260
562 2 2 0 1 253 272 260
563 2 2 0 1 256 254 259
564 2 2 0 1 254 258 259
565 2 2 0 1 257 255 261
566 2 2 0 1 255 260 261
567 2 2 0 1 256 259 262
568 2 2 0 1 257 261 263
569 2 2 0 1 259 258 280
570 2 2 0 1 258 271 278
571 2 2 0 1 258 278 280
572 2 2 0 1 262 259 282
573 2 2 0 1 259 280 282
574 2 2 0 1 261 260 281
575 2 2 0 1 260 272 279
576 2 2 0 1 260 279 281
577 2 2 0 1 263 261 283
578 2 2 0 1 261 281 283
579 2 2 0 1 264 262 284
580 2 2 0 1 262 282 284
581 2 2 0 1 265 263 285
582 2 2 0 1 263 283 285
583 2 2 0 1 266 264 286
584 2 2 0 1 264 284 286
585 2 2 0 1 267 265 287
586 2 2 0 1 265 285 287
587 2 2 0 1 268 266 273
588 2 2 0 1 266 286 273
589 2 2 0 1 269 267 275
590 2 2 0 1 267 287 275
591 2 2 0 1 270 268 274
592 2 2 0 1 268 273 274
593 2 2 0 1 271 269 276
594 2 2 0 1 269 275 276
595 2 2 0 1 270 274 277
596 2 2 0 1 271 276 278
597 2 2 0 1 274 273 295
598 2 2 0 1 273 286 293
599 2 2 0 1 273 293 295
600 2 2 0 1 277 274 297
601 2 2 0 1 274 295 297
602 2 2 0 1 276 275 296
603 2 2 0 1 275 287 294
604 2 2 0 1 275 294 296
605 2 2 0 1 278 276 298
606 2 2 0 1 276 296 298
607 2 2 0 1 277 297 299
608 2 2 0 1 280 278 300
609 2 2 0 1 278 298 300
610 2 2 0 1 281 279 301
611 2 2 0 1 282 280 302
612 2 2 0 1 280 300 302
613 2 2 0 1 283 281 288
614 2 2 0 1 281 301 288
615 2 2 0 1 284 282 290
616 2 2 0 1 282 302 290
617 2 2 0 1 285 283 289
618 2 2 0 1 283 288 289
619 2 2 0 1 286 284 291
620 2 2 0 1 284 290 291
621 2 2 0 1 287 285 292
622 2 2 0 1 285 289 292
623 2 2 0 1 286 291 293
624 2 2 0 1 287 292 294
625 2 2 0 1 289 288 310
626 2 2 0 1 288 301 308
627 2 2 0 1 288 308 310
628 2 2 0 1 292 289 312
629 2 2 0 1 289 310 312
630 2 2 0 1 291 290 311
631 2 2 0 1 290 302 309
632 2 2 0 1 290 309 311
633 2 2 0 1 293 291 313
634 2 2 0 1 291 311 313
635 2 2 0 1 294 292 314
636 2 2 0 1 292 312 314
637 2 2 0 1 295 293 315
638 2 2 0 1 293 313 315
639 2 2 0 1 296 294 316
640 2 2 0 1 294 314 316
641 2 2 0 1 297 295 317
642 2 2 0 1 295 315 317
643 2 2 0 1 298 296 303
644 2 2 0 1 296 316 303
645 2 2 0 1 299 297 305
646 2 2 0 1 297 317 305
647 2 2 0 1 300 298 304
648 2 2 0 1 298 303 304
649 2 2 0 1 299 305 306
650 2 2 0 1 302 300 307
651 2 2 0 1 300 304 307
652 2 2 0 1 302 307 309
653 2 2 0 1 304 303 325
654 2 2 0 1 303 316 323
655 2 2 0 1 303 323 325
656 2 2 0 1 307 304 327
657 2 2 0 1 304 325 327
658 2 2 0 1 306 305 326
659 2 2 0 1 305 317 324
660 2 2 0 1 305 324 326
661 2 2 0 1 306 326 328
662 2 2 0 1 309 307 329
663 2 2 0 1 307 327 329
664 2 2 0 1 310 308 330
665 2 2 0 1 311 309 331
666 2 2 0 1 309 329 331
667 2 2 0 1 312 310 332
668 2 2 0 1 310 330 332
669 2 2 0 1 313 311 318
670 2 2 0 1 311 331 318
671 2 2 0 1 314 312 320
672 2 2 0 1 312 332 320
673 2 2 0 1 315 313 319
674 2 2 0 1 313 318 319
675 2 2 0 1 316 314 321
676 2 2 0 1 314 320 321
677 2 2 0 1 317 315 322
678 2 2 0 1 315 319 322
679 2 2 0 1 316 321 323
680 2 2 0 1 317 322 324
681 2 2 0 1 319 318 340
682 2 2 0 1 318 331 338
683 2 2 0 1 318 338 340
684 2 2 0 1 322 319 342
685 2 2 0 1 319 340 342
686 2 2 0 1 321 320 341
687 2 2 0 1 320 332 339
688 2 2 0 1 320 339 341
689 2 2 0 1 323 321 343
690 2 2 0 1 321 341 343
691 2 2 0 1 324 322 344
692 2 2 0 1 322 342 344
693 2 2 0 1 325 323 345
694 2 2 0 1 323 343 345
695 2 2 0 1 326 324 346
696 2 2 0 1 324 344 346
697 2 2 0 1 327 325 347
698 2 2 0 1 325 345 347
699 2 2 0 1 328 326 333
700 2 2 0 1 326 346 333
701 2 2 0 1 329 327 335
702 2 2 0 1 327 347 335
703 2 2 0 1 328 333 334
704 2 2 0 1 331 329 336
705 2 2 0 1 329 335 336
706 2 2 0 1 332 330 337
707 2 2 0 1 331 336 338
708 2 2 0 1 332 337 339
709 2 2 0 1 334 333 355
710 2 2 0 1 333 346 353
711 2 2 0 1 333 353 355
712 2 2 0 1 334 355 357
713 2 2 0 1 336 335 356
714 2 2 0 1 335 347 354
715 2 2 0 1 335 354 356
716 2 2 0 1 338 336 358
717 2 2 0 1 336 356 358
718 2 2 0 1 339 337 359
719 2 2 0 1 340 338 360
720 2 2 0 1 338 358 360
721 2 2 0 1 341 339 361
722 2 2 0 1 339 359 361
723 2 2 0 1 342 340 362
724 2 2 0 1 340 360 362
725 2 2 0 1 343 341 348
726 2 2 0 1 341 361 348
727 2 2 0 1 344 342 350
728 2 2 0 1 342 362 350
729 2 2 0 1 345 343 349
730 2 2 0 1 343 348 349
731 2 2 0 1 346 344 351
732 2 2 0 1 344 350 351
733 2 2 0 1 347 345 352
734 2 2 0 1 345 349 352
735 2 2 0 1 346 351 353
736 2 2 0 1 347 352 354
737 2 2 0 1 349 348 370
738 2 2 0 1 348 361 368
739 2 2 0 1 348 368 370
740 2 2 0 1 352 349 372
741 2 2 0 1 349 370 372
742 2 2 0 1 351 350 371
743 2 2 0 1 350 362 369
744 2 2 0 1 350 369 371
745 2 2 0 1 353 351 373
746 2 2 0 1 351 371 373
747 2 2 0 1 354 352 374
748 2 2 0 1 352 372 374
749 2 2 0 1 355 353 375
750 2 2 0 1 353 373 375
751 2 2 0 1 356 354 376
752 2 2 0 1 354 374 376
753 2 2 0 1 357 355 377
754 2 2 0 1 355 375 377
755 2 2 0 1 358 356 363
756 2 2 0 1 356 376 363
757 2 2 0 1 357 377 366
758 2 2 0 1 360 358 364
759 2 2 0 1 358 363 364
760 2 2 0 1 361 359 365
761 2 2 0 1 362 360 367
762 2 2 0 1 360 364 367
763 2 2 0 1 361 365 368
764 2 2 0 1 362 367 369
765 2 2 0 1 364 363 385
766 2 2 0 1 363 376 383
767 2 2 0 1 363 383 385
768 2 2 0 1 367 364 387
769 2 2 0 1 364 385 387
770 2 2 0 1 368 365 388
771 2 2 0 1 366 377 384
772 2 2 0 1 366 384 386
773 2 2 0 1 369 367 389
774 2 2 0 1 367 387 389
775 2 2 0 1 370 368 390
776 2 2 0 1 368 388 390
777 2 2 0 1 371 369 391
778 2 2 0 1 369 389 391
779 2 2 0 1 372 370 392
780 2 2 0 1 370 390 392
781 2 2 0 1 373 371 378
782 2 2 0 1 371 391 378
783 2 2 0 1 374 372 380
784 2 2 0 1 372 392 380
785 2 2 0 1 375 373 379
786 2 2 0 1 373 378 379
787 2 2 0 1 376 374 381
788 2 2 0 1 374 380 381
789 2 2 0 1 377 375 382
790 2 2 0 1 375 379 382
791 2 2 0 1 376 381 383
792 2 2 0 1 377 382 384
793 2 2 0 1 379 378 400
794 2 2 0 1 378 391 398
795 2 2 0 1 378 398 400
796 2 2 0 1 382 379 402
797 2 2 0 1 379 400 402
798 2 2 0 1 381 380 401
799 2 2 0 1 380 392 399
800 2 2 0 1 380 399 401
801 2 2 0 1 383 381 403
802 2 2 0 1 381 401 403
803 2 2 0 1 384 382 404
804 2 2 0 1 382 402 404
805 2 2 0 1 385 383 405
806 2 2 0 1 383 403 405
807 2 2 0 1 386 384 406
808 2 2 0 1 384 404 406
809 2 2 0 1 387 385 407
810 2 2 0 1 385 405 407
811 2 2 0 1 386 406 393
812 2 2 0 1 389 387 394
813 2 2 0 1 387 407 394
814 2 2 0 1 390 388 396
815 2 2 0 1 391 389 395
816 2 2 0 1 389 394 395
817 2 2 0 1 392 390 397
818 2 2 0 1 390 396 397
819 2 2 0 1 391 395 398
820 2 2 0 1 392 397 399
821 2 2 0 1 393 406 412
822 2 2 0 1 393 412 414
823 2 2 0 1 395 394 415
824 2 2 0 1 394 407 413
825 2 2 0 1 394 413 415
826 2 2 0 1 398 395 417
827 2 2 0 1 395 415 417
828 2 2 0 1 397 396 416
829 2 2 0 1 399 397 418
830 2 2 0 1 397 416 418
831 2 2 0 1 400 398 419
832 2 2 0 1 398 417 419
833 2 2 0 1 401 399 420
834 2 2 0 1 399 418 420
835 2 2 0 1 402 400 421
836 2 2 0 1 400 419 421
837 2 2 0 1 403 401 422
838 2 2 0 1 401 420 422
839 2 2 0 1 404 402 408
840 2 2 0 1 402 421 408
841 2 2 0 1 405 403 410
842 2 2 0 1 403 422 410
843 2 2 0 1 406 404 409
844 2 2 0 1 404 408 409
845 2 2 0 1 407 405 411
846 2 2 0 1 405 410 411
847 2 2 0 1 406 409 412
848 2 2 0 1 407 411 413
849 2 2 0 1 409 408 430
850 2 2 0 1 408 421 428
851 2 2 0 1 408 428 430
852 2 2 0 1 412 409 432
853 2 2 0 1 409 430 432
854 2 2 0 1 411 410 431
855 2 2 0 1 410 422 429
856 2 2 0 1 410 429 431
857 2 2 0 1 413 411 433
858 2 2 0 1 411 431 433
859 2 2 0 1 414 412 434
860 2 2 0 1 412 432 434
861 2 2 0 1 415 413 435
862 2 2 0 1 413 433 435
863 2 2 0 1 414 434 436
864 2 2 0 1 417 415 437
865 2 2 0 1 415 435 437
866 2 2 0 1 418 416 423
867 2 2 0 1 419 417 425
868 2 2 0 1 417 437 425
869 2 2 0 1 420 418 424
870 2 2 0 1 418 423 424
871 2 2 0 1 421 419 426
872 2 2 0 1 419 425 426
873 2 2 0 1 422 420 427
874 2 2 0 1 420 424 427
875 2 2 0 1 421 426 428
876 2 2 0 1 422 427 429
877 2 2 0 1 424 423 445
878 2 2 0 1 427 424 447
879 2 2 0 1 424 445 447
880 2 2 0 1 426 425 446
881 2 2 0 1 425 437 444
882 2 2 0 1 425 444 446
883 2 2 0 1 428 426 448
884 2 2 0 1 426 446 448
885 2 2 0 1 429 427 449
886 2 2 0 1 427 447 449
887 2 2 0 1 430 428 450
888 2 2 0 1 428 448 450
889 2 2 0 1 431 429 451
890 2 2 0 1 429 449 451
891 2 2 0 1 432 430 452
892 2 2 0 1 430 450 452
893 2 2 0 1 433 431 438
894 2 2 0 1 431 451 438
895 2 2 0 1 434 432 440
896 2 2 0 1 432 452 440
897 2 2 0 1 435 433 439
898 2 2 0 1 433 438 439
899 2 2 0 1 436 434 441
900 2 2 0 1 434 440 441
901 2 2 0 1 437 435 442
902 2 2 0 1 435 439 442
903 2 2 0 1 436 441 443
904 2 2 0 1 437 442 444
905 2 2 0 1 439 438 460
906 2 2 0 1 438 451 458
907 2 2 0 1 438 458 460
908 2 2 0 1 442 439 462
909 2 2 0 1 439 460 462
910 2 2 0 1 441 440 461
911 2 2 0 1 440 452 459
912 2 2 0 1 440 459 461
913 2 2 0 1 443 441 463
914 2 2 0 1 441 461 463
915 2 2 0 1 444 442 464
916 2 2 0 1 442 462 464
917 2 2 0 1 443 463 465
918 2 2 0 1 446 444 466
919 2 2 0 1 444 464 466
920 2 2 0 1 447 445 467
921 2 2 0 1 448 446 453
922 2 2 0 1 446 466 453
923 2 2 0 1 449 447 455
924 2 2 0 1 447 467 455
925 2 2 0 1 450 448 454
926 2 2 0 1 448 453 454
927 2 2 0 1 451 449 456
928 2 2 0 1 449 455 456
929 2 2 0 1 452 450 457
930 2 2 0 1 450 454 457
931 2 2 0 1 451 456 458
932 2 2 0 1 452 457 459
933 2 2 0 1 454 453 475
934 2 2 0 1 453 466 473
935 2 2 0 1 453 473 475
936 2 2 0 1 457 454 477
937 2 2 0 1 454 475 477
938 2 2 0 1 456 455 476
939 2 2 0 1 455 467 474
940 2 2 0 1 455 474 476
941 2 2 0 1 458 456 478
942 2 2 0 1 456 476 478
943 2 2 0 1 459 457 479
944 2 2 0 1 457 477 479
945 2 2 0 1 460 458 480
946 2 2 0 1 458 478 480
947 2 2 0 1 461 459 481
948 2 2 0 1 459 479 481
949 2 2 0 1 462 460 482
950 2 2 0 1 460 480 482
951 2 2 0 1 463 461 468
952 2 2 0 1 461 481 468
953 2 2 0 1 464 462 470
954 2 2 0 1 462 482 470
955 2 2 0 1 465 463 469
956 2 2 0 1 463 468 469
957 2 2 0 1 466 464 471
958 2 2 0 1 464 470 471
959 2 2 0 1 465 469 472
960 2 2 0 1 466 471 473
961 4 2 0 1 577 696 567 744
962 4 2 0 1 610 724 484 740
963 4 2 0 1 599 673 616 759
964 4 2 0 1 548 706 523 828
965 4 2 0 1 650 651 575 756
966 4 2 0 1 633 568 727 746
967 4 2 0 1 577 567 642 744
968 4 2 0 1 577 642 567 788
969 4 2 0 1 599 560 673 763
970 4 2 0 1 555 630 583 678
971 4 2 0 1 562 627 525 752
972 4 2 0 1 633 568 703 727
973 4 2 0 1 535 630 68 812
974 4 2 0 1 577 567 653 788
975 4 2 0 1 566 854 753 859
976 4 2 0 1 128 523 706 828
977 4 2 0 1 632 509 728 770
978 4 2 0 1 710 746 587 853
979 4 2 0 1 566 623 619 687
980 4 2 0 1 397 505 396 799
981 4 2 0 1 700 713 591 855
982 4 2 0 1 669 727 568 746
983 4 2 0 1 68 583 630 757
984 4 2 0 1 630 724 68 812
985 4 2 0 1 606 659 658 733
986 4 2 0 1 522 708 670 876
987 4 2 0 1 153 650 639 794
988 4 2 0 1 601 569 656 787
989 4 2 0 1 577 726 696 744
990 4 2 0 1 571 776 734 840
991 4 2 0 1 599 673 759 763
992 4 2 0 1 568 682 574 722
993 4 2 0 1 612 734 571 776
994 4 2 0 1 669 703 568 727
995 4 2 0 1 550 742 638 857
996 4 2 0 1 564 700 598 713
997 4 2 0 1 555 583 630 666
998 4 2 0 1 493 674 673 730
999 4 2 0 1 66 583 640 724
1000 4 2 0 1 590 619 555 749
1001 4 2 0 1 525 627 214 752
1002 4 2 0 1 560 599 673 789
1003 4 2 0 1 552 777 663 795
1004 4 2 0 1 558 604 684 694
1005 4 2 0 1 569 601 656 796
1006 4 2 0 1 653 669 577 786
1007 4 2 0 1 518 683 600 688
1008 4 2 0 1 616 673 599 789
1009 4 2 0 1 623 687 699 789
1010 4 2 0 1 68 630 583 724
1011 4 2 0 1 558 604 654 692
1012 4 2 0 1 170 164 650 651
1013 4 2 0 1 580 559 655 692
1014 4 2 0 1 461 625 496 753
1015 4 2 0 1 603 676 805 830
1016 4 2 0 1 655 692 559 870
1017 4 2 0 1 548 650 621 843
1018 4 2 0 1 621 650 548 781
1019 4 2 0 1 560 674 673 763
1020 4 2 0 1 619 623 566 825
1021 4 2 0 1 559 647 613 649
1022 4 2 0 1 557 795 684 822
1023 4 2 0 1 577 653 567 696
1024 4 2 0 1 129 649 647 850
1025 4 2 0 1 86 483 93 757
1026 4 2 0 1 65 640 583 685
1027 4 2 0 1 608 684 795 822
1028 4 2 0 1 590 695 666 700
1029 4 2 0 1 596 684 604 694
1030 4 2 0 1 165 679 604 694
1031 4 2 0 1 401 636 739 800
1032 4 2 0 1 664 823 609 841
1033 4 2 0 1 670 708 522 788
1034 4 2 0 1 552 663 590 718
1035 4 2 0 1 552 596 661 684
1036 4 2 0 1 555 678 583 718
1037 4 2 0 1 107 650 114 651
1038 4 2 0 1 627 708 567 744
1039 4 2 0 1 633 568 746 844
1040 4 2 0 1 552 590 663 777
1041 4 2 0 1 560 664 609 841
1042 4 2 0 1 552 604 596 684
1043 4 2 0 1 577 669 653 727
1044 4 2 0 1 558 805 676 830
1045 4 2 0 1 684 697 628 773
1046 4 2 0 1 680 734 553 867
1047 4 2 0 1 552 718 590 777
1048 4 2 0 1 401 739 600 800
1049 4 2 0 1 584 711 314 716
1050 4 2 0 1 588 622 748 868
1051 4 2 0 1 592 748 765 860
1052 4 2 0 1 663 697 684 773
1053 4 2 0 1 591 590 777 882
1054 4 2 0 1 60 629 602 698
1055 4 2 0 1 669 682 577 889
1056 4 2 0 1 548 639 153 650
1057 4 2 0 1 380 636 800 834
1058 4 2 0 1 598 564 713 840
1059 4 2 0 1 629 553 734 867
1060 4 2 0 1 88 483 86 757
1061 4 2 0 1 7 573 629 698
1062 4 2 0 1 593 859 646 887
1063 4 2 0 1 704 714 625 825
1064 4 2 0 1 666 695 640 700
1065 4 2 0 1 650 756 575 794
1066 4 2 0 1 107 650 651 698
1067 4 2 0 1 588 846 622 868
1068 4 2 0 1 592 704 748 860
1069 4 2 0 1 690 782 747 783
1070 4 2 0 1 165 694 604 774
1071 4 2 0 1 552 661 777 795
1072 4 2 0 1 165 644 604 679
1073 4 2 0 1 602 781 621 803
1074 4 2 0 1 129 613 647 649
1075 4 2 0 1 577 676 726 744
1076 4 2 0 1 558 654 774 806
1077 4 2 0 1 599 560 763 820
1078 4 2 0 1 611 638 735 742
1079 4 2 0 1 309 633 632 801
1080 4 2 0 1 580 655 559 686
1081 4 2 0 1 581 643 102 808
1082 4 2 0 1 518 688 600 799
1083 4 2 0 1 602 629 60 877
1084 4 2 0 1 558 654 805 830
1085 4 2 0 1 590 718 588 749
1086 4 2 0 1 528 650 116 781
1087 4 2 0 1 555 718 590 749
1088 4 2 0 1 10 484 610 724
1089 4 2 0 1 584 589 638 836
1090 4 2 0 1 638 550 735 742
1091 4 2 0 1 588 748 622 846
1092 4 2 0 1 549 658 659 733
1093 4 2 0 1 584 638 742 857
1094 4 2 0 1 92 630 535 779
1095 4 2 0 1 249 656 601 847
1096 4 2 0 1 591 777 733 882
1097 4 2 0 1 552 684 661 795
1098 4 2 0 1 623 691 687 789
1099 4 2 0 1 590 666 695 718
1100 4 2 0 1 569 601 754 809
1101 4 2 0 1 691 712 609 823
1102 4 2 0 1 579 688 651 799
1103 4 2 0 1 579 651 751 799
1104 4 2 0 1 608 684 822 861
1105 4 2 0 1 268 601 656 787
1106 4 2 0 1 376 635 618 636
1107 4 2 0 1 557 822 684 861
1108 4 2 0 1 588 697 663 773
1109 4 2 0 1 552 604 684 697
1110 4 2 0 1 590 663 588 718
1111 4 2 0 1 696 744 726 849
1112 4 2 0 1 621 781 548 803
1113 4 2 0 1 654 692 604 774
1114 4 2 0 1 588 749 748 846
1115 4 2 0 1 564 619 772 825
1116 4 2 0 1 555 583 666 718
1117 4 2 0 1 566 699 626 704
1118 4 2 0 1 555 588 718 749
1119 4 2 0 1 661 750 695 777
1120 4 2 0 1 555 619 590 666
1121 4 2 0 1 638 743 597 836
1122 4 2 0 1 383 636 618 641
1123 4 2 0 1 609 823 712 862
1124 4 2 0 1 552 604 697 888
1125 4 2 0 1 165 604 644 866
1126 4 2 0 1 629 734 855 867
1127 4 2 0 1 589 597 584 764
1128 4 2 0 1 613 647 559 707
1129 4 2 0 1 734 776 612 826
1130 4 2 0 1 523 706 548 781
1131 4 2 0 1 623 704 566 825
1132 4 2 0 1 314 584 672 711
1133 4 2 0 1 535 779 630 812
1134 4 2 0 1 627 736 708 744
1135 4 2 0 1 563 581 643 750
1136 4 2 0 1 584 638 589 816
1137 4 2 0 1 577 653 642 788
1138 4 2 0 1 628 676 578 773
1139 4 2 0 1 720 729 490 730
1140 4 2 0 1 577 642 676 744
1141 4 2 0 1 600 688 579 799
1142 4 2 0 1 584 597 589 836
1143 4 2 0 1 66 583 65 640
1144 4 2 0 1 600 579 751 799
1145 4 2 0 1 628 692 654 830
1146 4 2 0 1 606 659 611 874
1147 4 2 0 1 558 604 694 774
1148 4 2 0 1 142 650 164 651
1149 4 2 0 1 604 679 596 694
1150 4 2 0 1 560 664 605 823
1151 4 2 0 1 725 780 644 808
1152 4 2 0 1 626 699 599 820
1153 4 2 0 1 102 706 643 828
1154 4 2 0 1 614 629 573 818
1155 4 2 0 1 283 514 281 747
1156 4 2 0 1 552 615 604 888
1157 4 2 0 1 587 722 569 778
1158 4 2 0 1 680 855 734 867
1159 4 2 0 1 168 161 524 790
1160 4 2 0 1 552 718 695 725
1161 4 2 0 1 555 678 588 707
1162 4 2 0 1 592 765 731 860
1163 4 2 0 1 558 654 628 692
1164 4 2 0 1 552 615 718 725
1165 4 2 0 1 558 628 604 692
1166 4 2 0 1 554 611 668 864
1167 4 2 0 1 613 624 52 758
1168 4 2 0 1 9 625 610 854
1169 4 2 0 1 480 629 500 818
1170 4 2 0 1 587 720 657 778
1171 4 2 0 1 558 694 684 861
1172 4 2 0 1 567 744 696 849
1173 4 2 0 1 552 695 718 777
1174 4 2 0 1 632 662 633 769
1175 4 2 0 1 590 591 863 882
1176 4 2 0 1 128 523 122 706
1177 4 2 0 1 581 695 661 750
1178 4 2 0 1 572 765 748 860
1179 4 2 0 1 7 614 573 698
1180 4 2 0 1 628 684 604 697
1181 4 2 0 1 114 650 135 651
1182 4 2 0 1 691 819 712 823
1183 4 2 0 1 560 609 664 823
1184 4 2 0 1 559 655 647 686
1185 4 2 0 1 558 628 654 830
1186 4 2 0 1 587 657 568 778
1187 4 2 0 1 14 610 625 714
1188 4 2 0 1 598 713 700 855
1189 4 2 0 1 592 748 623 765
1190 4 2 0 1 314 711 672 879
1191 4 2 0 1 596 604 552 885
1192 4 2 0 1 640 666 583 695
1193 4 2 0 1 684 694 596 861
1194 4 2 0 1 559 697 692 888
1195 4 2 0 1 611 659 554 874
1196 4 2 0 1 632 672 585 770
1197 4 2 0 1 574 682 669 889
1198 4 2 0 1 311 633 746 844
1199 4 2 0 1 550 743 715 857
1200 4 2 0 1 586 560 673 841
1201 4 2 0 1 591 680 733 777
1202 4 2 0 1 208 562 525 752
1203 4 2 0 1 574 568 722 746
1204 4 2 0 1 523 548 125 781
1205 4 2 0 1 577 642 603 676
1206 4 2 0 1 637 674 560 763
1207 4 2 0 1 548 621 803 843
1208 4 2 0 1 518 600 399 798
1209 4 2 0 1 598 734 776 840
1210 4 2 0 1 620 645 448 753
1211 4 2 0 1 62 60 629 877
1212 4 2 0 1 598 776 734 826
1213 4 2 0 1 560 586 673 674
1214 4 2 0 1 52 624 613 779
1215 4 2 0 1 509 325 728 770
1216 4 2 0 1 593 771 761 856
1217 4 2 0 1 737 863 591 882
1218 4 2 0 1 446 645 620 646
1219 4 2 0 1 555 588 678 718
1220 4 2 0 1 268 601 787 809
1221 4 2 0 1 558 654 604 774
1222 4 2 0 1 681 778 569 831
1223 4 2 0 1 753 854 645 859
1224 4 2 0 1 696 849 726 878
1225 4 2 0 1 622 846 605 868
1226 4 2 0 1 569 754 601 796
1227 4 2 0 1 578 676 628 684
1228 4 2 0 1 31 651 614 698
1229 4 2 0 1 102 643 581 828
1230 4 2 0 1 667 752 871 872
1231 4 2 0 1 574 568 669 682
1232 4 2 0 1 142 135 650 651
1233 4 2 0 1 628 692 655 870
1234 4 2 0 1 581 563 695 750
1235 4 2 0 1 330 337 651 782
1236 4 2 0 1 525 627 219 876
1237 4 2 0 1 623 765 622 820
1238 4 2 0 1 564 666 619 825
1239 4 2 0 1 559 647 655 707
1240 4 2 0 1 558 774 694 806
1241 4 2 0 1 708 736 642 744
1242 4 2 0 1 655 754 551 796
1243 4 2 0 1 556 617 800 817
1244 4 2 0 1 564 772 610 825
1245 4 2 0 1 669 577 701 889
1246 4 2 0 1 610 740 484 851
1247 4 2 0 1 308 330 651 782
1248 4 2 0 1 695 750 563 777
1249 4 2 0 1 592 731 704 860
1250 4 2 0 1 60 838 602 877
1251 4 2 0 1 596 557 684 861
1252 4 2 0 1 653 669 259 727
1253 4 2 0 1 549 659 658 761
1254 4 2 0 1 580 686 559 692
1255 4 2 0 1 401 380 636 800
1256 4 2 0 1 301 308 651 782
1257 4 2 0 1 588 741 846 868
1258 4 2 0 1 573 600 751 799
1259 4 2 0 1 107 95 114 650
1260 4 2 0 1 259 669 653 786
1261 4 2 0 1 628 578 684 773
1262 4 2 0 1 601 647 572 655
1263 4 2 0 1 591 733 680 784
1264 4 2 0 1 66 640 59 724
1265 4 2 0 1 632 728 508 845
1266 4 2 0 1 569 656 787 831
1267 4 2 0 1 555 704 748 749
1268 4 2 0 1 545 631 538 679
1269 4 2 0 1 509 632 769 770
1270 4 2 0 1 606 554 659 874
1271 4 2 0 1 588 697 678 718
1272 4 2 0 1 317 720 487 853
1273 4 2 0 1 302 727 633 801
1274 4 2 0 1 621 698 650 781
1275 4 2 0 1 95 650 107 698
1276 4 2 0 1 623 748 704 749
1277 4 2 0 1 111 532 780 808
1278 4 2 0 1 552 695 661 885
1279 4 2 0 1 590 718 695 777
1280 4 2 0 1 780 808 725 885
1281 4 2 0 1 560 691 609 823
1282 4 2 0 1 608 627 567 744
1283 4 2 0 1 583 695 666 718
1284 4 2 0 1 92 90 535 630
1285 4 2 0 1 604 644 596 679
1286 4 2 0 1 74 613 52 758
1287 4 2 0 1 649 852 615 865
1288 4 2 0 1 590 591 700 863
1289 4 2 0 1 645 854 620 859
1290 4 2 0 1 484 724 37 740
1291 4 2 0 1 584 638 597 836
1292 4 2 0 1 609 712 662 862
1293 4 2 0 1 584 715 743 857
1294 4 2 0 1 790 792 545 793
1295 4 2 0 1 706 781 529 838
1296 4 2 0 1 580 655 628 692
1297 4 2 0 1 554 659 611 864
1298 4 2 0 1 552 661 695 777
1299 4 2 0 1 664 778 586 831
1300 4 2 0 1 247 601 249 656
1301 4 2 0 1 611 659 606 733
1302 4 2 0 1 625 704 624 714
1303 4 2 0 1 587 710 652 722
1304 4 2 0 1 623 748 622 765
1305 4 2 0 1 78 706 530 838
1306 4 2 0 1 687 594 699 789
1307 4 2 0 1 560 605 691 823
1308 4 2 0 1 569 796 656 831
1309 4 2 0 1 583 630 666 724
1310 4 2 0 1 558 628 676 684
1311 4 2 0 1 642 653 577 786
1312 4 2 0 1 604 628 558 684
1313 4 2 0 1 482 612 776 826
1314 4 2 0 1 621 651 573 751
1315 4 2 0 1 610 772 564 851
1316 4 2 0 1 461 497 626 753
1317 4 2 0 1 572 707 647 758
1318 4 2 0 1 592 704 623 748
1319 4 2 0 1 676 684 578 744
1320 4 2 0 1 672 711 584 817
1321 4 2 0 1 555 666 630 724
1322 4 2 0 1 604 692 628 697
1323 4 2 0 1 658 659 606 723
1324 4 2 0 1 549 687 623 691
1325 4 2 0 1 637 586 778 831
1326 4 2 0 1 613 555 630 779
1327 4 2 0 1 637 763 560 820
1328 4 2 0 1 585 672 632 816
1329 4 2 0 1 557 661 795 822
1330 4 2 0 1 623 748 749 846
1331 4 2 0 1 628 655 551 868
1332 4 2 0 1 713 598 840 875
1333 4 2 0 1 86 685 583 725
1334 4 2 0 1 545 792 679 793
1335 4 2 0 1 568 682 811 823
1336 4 2 0 1 582 733 680 777
1337 4 2 0 1 591 590 700 777
1338 4 2 0 1 564 737 713 772
1339 4 2 0 1 82 643 685 808
1340 4 2 0 1 167 774 604 866
1341 4 2 0 1 588 741 749 846
1342 4 2 0 1 166 170 164 650
1343 4 2 0 1 566 626 625 704
1344 4 2 0 1 529 706 120 781
1345 4 2 0 1 31 35 651 698
1346 4 2 0 1 611 712 668 864
1347 4 2 0 1 559 649 678 888
1348 4 2 0 1 650 651 621 843
1349 4 2 0 1 565 659 658 723
1350 4 2 0 1 589 584 728 764
1351 4 2 0 1 552 697 615 888
1352 4 2 0 1 359 365 651 688
1353 4 2 0 1 600 617 556 683
1354 4 2 0 1 583 685 640 695
1355 4 2 0 1 655 796 551 868
1356 4 2 0 1 567 670 597 836
1357 4 2 0 1 290 633 727 746
1358 4 2 0 1 129 647 151 850
1359 4 2 0 1 713 737 593 772
1360 4 2 0 1 572 731 765 860
1361 4 2 0 1 559 649 613 678
1362 4 2 0 1 687 691 594 789
1363 4 2 0 1 611 735 665 742
1364 4 2 0 1 571 734 717 875
1365 4 2 0 1 833 871 639 872
1366 4 2 0 1 558 684 676 744
1367 4 2 0 1 113 725 644 808
1368 4 2 0 1 566 709 699 859
1369 4 2 0 1 554 635 618 864
1370 4 2 0 1 606 665 611 733
1371 4 2 0 1 581 661 557 828
1372 4 2 0 1 570 660 739 800
1373 4 2 0 1 116 114 95 650
1374 4 2 0 1 623 820 622 846
1375 4 2 0 1 555 630 714 724
1376 4 2 0 1 661 822 557 891
1377 4 2 0 1 401 660 600 739
1378 4 2 0 1 657 720 586 778
1379 4 2 0 1 563 643 581 685
1380 4 2 0 1 680 733 582 784
1381 4 2 0 1 606 693 570 723
1382 4 2 0 1 642 676 558 805
1383 4 2 0 1 629 855 721 867
1384 4 2 0 1 86 725 583 757
1385 4 2 0 1 599 709 408 759
1386 4 2 0 1 592 626 699 704
1387 4 2 0 1 651 688 579 782
1388 4 2 0 1 706 750 643 828
1389 4 2 0 1 208 525 214 752
1390 4 2 0 1 585 712 775 864
1391 4 2 0 1 752 639 871 872
1392 4 2 0 1 268 601 247 656
1393 4 2 0 1 65 583 86 685
1394 4 2 0 1 646 859 645 887
1395 4 2 0 1 566 623 699 704
1396 4 2 0 1 7 629 36 698
1397 4 2 0 1 608 736 627 744
1398 4 2 0 1 570 693 606 717
1399 4 2 0 1 640 695 563 700
1400 4 2 0 1 585 672 668 864
1401 4 2 0 1 638 611 668 742
1402 4 2 0 1 567 708 642 744
1403 4 2 0 1 690 747 711 783
1404 4 2 0 1 537 850 648 865
1405 4 2 0 1 561 712 823 862
1406 4 2 0 1 120 706 523 781
1407 4 2 0 1 600 739 660 800
1408 4 2 0 1 605 846 741 868
1409 4 2 0 1 592 626 599 820
1410 4 2 0 1 604 615 552 644
1411 4 2 0 1 295 587 720 853
1412 4 2 0 1 531 813 643 877
1413 4 2 0 1 31 614 7 698
1414 4 2 0 1 567 670 627 743
1415 4 2 0 1 663 697 588 718
1416 4 2 0 1 564 666 640 700
1417 4 2 0 1 657 746 568 844
1418 4 2 0 1 597 638 584 743
1419 4 2 0 1 268 787 652 809
1420 4 2 0 1 137 116 528 650
1421 4 2 0 1 351 673 493 674
1422 4 2 0 1 567 627 608 743
1423 4 2 0 1 575 651 650 843
1424 4 2 0 1 555 666 590 718
1425 4 2 0 1 257 507 255 715
1426 4 2 0 1 594 691 687 761
1427 4 2 0 1 558 736 608 744
1428 4 2 0 1 664 811 569 831
1429 4 2 0 1 593 646 771 856
1430 4 2 0 1 604 692 697 888
1431 4 2 0 1 665 735 550 742
1432 4 2 0 1 47 624 731 758
1433 4 2 0 1 602 548 781 803
1434 4 2 0 1 628 655 580 830
1435 4 2 0 1 663 777 582 795
1436 4 2 0 1 588 628 697 773
1437 4 2 0 1 620 645 859 887
1438 4 2 0 1 640 685 55 813
1439 4 2 0 1 645 753 620 854
1440 4 2 0 1 151 647 686 850
1441 4 2 0 1 554 618 636 723
1442 4 2 0 1 575 833 639 872
1443 4 2 0 1 80 779 613 852
1444 4 2 0 1 571 762 612 776
1445 4 2 0 1 618 635 554 636
1446 4 2 0 1 52 613 74 779
1447 4 2 0 1 314 584 716 810
1448 4 2 0 1 560 637 586 674
1449 4 2 0 1 658 659 565 761
1450 4 2 0 1 68 535 90 630
1451 4 2 0 1 564 610 666 825
1452 4 2 0 1 275 764 597 814
1453 4 2 0 1 584 715 597 743
1454 4 2 0 1 620 646 645 887
1455 4 2 0 1 494 616 391 732
1456 4 2 0 1 620 768 646 887
1457 4 2 0 1 559 678 697 888
1458 4 2 0 1 556 800 554 817
1459 4 2 0 1 592 765 623 820
1460 4 2 0 1 249 601 247 847
1461 4 2 0 1 9 610 484 851
1462 4 2 0 1 573 651 621 698
1463 4 2 0 1 613 779 630 852
1464 4 2 0 1 711 817 672 879
1465 4 2 0 1 587 652 569 722
1466 4 2 0 1 563 643 602 750
1467 4 2 0 1 576 616 594 827
1468 4 2 0 1 604 644 552 885
1469 4 2 0 1 128 548 523 828
1470 4 2 0 1 592 699 623 704
1471 4 2 0 1 563 680 602 721
1472 4 2 0 1 611 665 606 874
1473 4 2 0 1 661 695 581 885
1474 4 2 0 1 439 634 501 738
1475 4 2 0 1 567 743 608 849
1476 4 2 0 1 578 726 744 849
1477 4 2 0 1 558 642 736 744
1478 4 2 0 1 685 725 86 808
1479 4 2 0 1 102 643 79 808
1480 4 2 0 1 554 800 556 874
1481 4 2 0 1 594 616 576 832
1482 4 2 0 1 567 597 670 743
1483 4 2 0 1 592 699 626 820
1484 4 2 0 1 571 840 734 875
1485 4 2 0 1 314 321 711 879
1486 4 2 0 1 549 659 611 733
1487 4 2 0 1 622 820 765 831
1488 4 2 0 1 271 511 671 845
1489 4 2 0 1 693 798 573 881
1490 4 2 0 1 555 714 630 779
1491 4 2 0 1 704 731 624 860
1492 4 2 0 1 632 633 331 769
1493 4 2 0 1 167 604 165 866
1494 4 2 0 1 610 625 714 825
1495 4 2 0 1 576 662 609 712
1496 4 2 0 1 574 722 587 746
1497 4 2 0 1 616 673 371 759
1498 4 2 0 1 570 693 660 800
1499 4 2 0 1 582 665 621 784
1500 4 2 0 1 582 621 665 719
1501 4 2 0 1 559 678 613 707
1502 4 2 0 1 640 55 767 813
1503 4 2 0 1 611 659 712 864
1504 4 2 0 1 556 600 579 751
1505 4 2 0 1 605 560 691 846
1506 4 2 0 1 594 702 616 832
1507 4 2 0 1 589 728 584 816
1508 4 2 0 1 551 682 726 811
1509 4 2 0 1 117 644 615 866
1510 4 2 0 1 21 624 485 797
1511 4 2 0 1 576 609 691 712
1512 4 2 0 1 555 613 630 678
1513 4 2 0 1 32 731 656 847
1514 4 2 0 1 667 871 833 872
1515 4 2 0 1 658 733 591 886
1516 4 2 0 1 640 685 563 695
1517 4 2 0 1 79 643 82 808
1518 4 2 0 1 549 658 733 737
1519 4 2 0 1 618 635 376 858
1520 4 2 0 1 581 557 661 885
1521 4 2 0 1 309 302 633 801
1522 4 2 0 1 564 772 620 851
1523 4 2 0 1 551 726 773 811
1524 4 2 0 1 14 625 18 714
1525 4 2 0 1 699 709 594 859
1526 4 2 0 1 592 820 599 848
1527 4 2 0 1 613 649 101 852
1528 4 2 0 1 564 713 737 863
1529 4 2 0 1 561 712 819 823
1530 4 2 0 1 551 655 628 830
1531 4 2 0 1 621 665 550 884
1532 4 2 0 1 586 681 637 778
1533 4 2 0 1 555 714 704 825
1534 4 2 0 1 550 665 621 719
1535 4 2 0 1 159 538 545 631
1536 4 2 0 1 566 623 687 699
1537 4 2 0 1 551 682 676 726
1538 4 2 0 1 583 678 630 852
1539 4 2 0 1 551 754 655 880
1540 4 2 0 1 383 641 618 785
1541 4 2 0 1 554 556 742 874
1542 4 2 0 1 591 733 737 882
1543 4 2 0 1 691 789 623 846
1544 4 2 0 1 548 803 719 843
1545 4 2 0 1 585 635 672 864
1546 4 2 0 1 548 557 661 828
1547 4 2 0 1 581 808 780 885
1548 4 2 0 1 611 659 549 819
1549 4 2 0 1 548 661 719 803
1550 4 2 0 1 572 655 647 707
1551 4 2 0 1 36 629 38 698
1552 4 2 0 1 580 647 655 686
1553 4 2 0 1 166 144 528 650
1554 4 2 0 1 560 586 664 841
1555 4 2 0 1 376 618 383 636
1556 4 2 0 1 476 614 503 818
1557 4 2 0 1 561 611 668 878
1558 4 2 0 1 602 698 629 867
1559 4 2 0 1 552 615 697 718
1560 4 2 0 1 820 831 622 846
1561 4 2 0 1 694 774 172 806
1562 4 2 0 1 577 786 701 889
1563 4 2 0 1 554 742 556 817
1564 4 2 0 1 380 636 834 873
1565 4 2 0 1 612 629 553 734
1566 4 2 0 1 466 502 738 768
1567 4 2 0 1 586 637 560 831
1568 4 2 0 1 609 633 823 862
1569 4 2 0 1 602 721 680 867
1570 4 2 0 1 611 561 668 712
1571 4 2 0 1 587 568 722 778
1572 4 2 0 1 11 500 480 629
1573 4 2 0 1 592 623 699 820
1574 4 2 0 1 613 555 779 860
1575 4 2 0 1 552 697 663 718
1576 4 2 0 1 330 337 30 651
1577 4 2 0 1 553 621 751 784
1578 4 2 0 1 45 624 47 758
1579 4 2 0 1 30 337 359 651
1580 4 2 0 1 570 717 606 842
1581 4 2 0 1 569 652 587 778
1582 4 2 0 1 314 584 316 672
1583 4 2 0 1 614 798 503 818
1584 4 2 0 1 667 715 550 743
1585 4 2 0 1 37 724 640 740
1586 4 2 0 1 552 661 596 885
1587 4 2 0 1 13 610 9 625
1588 4 2 0 1 586 560 664 831
1589 4 2 0 1 308 330 30 651
1590 4 2 0 1 584 668 638 816
1591 4 2 0 1 606 733 658 886
1592 4 2 0 1 611 554 668 742
1593 4 2 0 1 612 717 571 734
1594 4 2 0 1 573 698 621 867
1595 4 2 0 1 549 687 691 761
1596 4 2 0 1 309 632 302 801
1597 4 2 0 1 581 685 643 808
1598 4 2 0 1 549 623 749 846
1599 4 2 0 1 30 359 365 651
1600 4 2 0 1 167 165 604 774
1601 4 2 0 1 584 638 668 742
1602 4 2 0 1 570 606 723 842
1603 4 2 0 1 66 65 59 640
1604 4 2 0 1 549 691 623 846
1605 4 2 0 1 603 676 642 805
1606 4 2 0 1 661 582 777 795
1607 4 2 0 1 550 715 607 857
1608 4 2 0 1 741 773 605 868
1609 4 2 0 1 563 685 581 695
1610 4 2 0 1 611 554 742 874
1611 4 2 0 1 618 565 641 723
1612 4 2 0 1 569 754 796 811
1613 4 2 0 1 301 308 30 651
1614 4 2 0 1 633 662 331 769
1615 4 2 0 1 558 676 628 830
1616 4 2 0 1 714 779 555 860
1617 4 2 0 1 480 612 629 818
1618 4 2 0 1 68 630 90 757
1619 4 2 0 1 629 734 721 855
1620 4 2 0 1 570 723 693 800
1621 4 2 0 1 563 777 750 803
1622 4 2 0 1 66 583 68 757
1623 4 2 0 1 563 680 777 803
1624 4 2 0 1 548 602 750 803
1625 4 2 0 1 555 748 588 749
1626 4 2 0 1 568 574 669 746
1627 4 2 0 1 564 598 700 755
1628 4 2 0 1 408 626 599 848
1629 4 2 0 1 374 635 636 873
1630 4 2 0 1 621 751 573 867
1631 4 2 0 1 567 608 744 849
1632 4 2 0 1 773 811 605 868
1633 4 2 0 1 622 569 811 831
1634 4 2 0 1 302 632 300 801
1635 4 2 0 1 599 594 699 709
1636 4 2 0 1 629 721 40 877
1637 4 2 0 1 574 669 701 889
1638 4 2 0 1 644 780 725 885
1639 4 2 0 1 570 739 636 800
1640 4 2 0 1 577 603 786 889
1641 4 2 0 1 568 811 664 823
1642 4 2 0 1 672 817 668 864
1643 4 2 0 1 578 726 849 878
1644 4 2 0 1 57 59 65 640
1645 4 2 0 1 551 676 682 889
1646 4 2 0 1 119 615 852 865
1647 4 2 0 1 662 712 585 862
1648 4 2 0 1 615 583 718 725
1649 4 2 0 1 558 684 608 861
1650 4 2 0 1 565 723 658 842
1651 4 2 0 1 652 710 574 722
1652 4 2 0 1 721 855 680 867
1653 4 2 0 1 559 649 648 850
1654 4 2 0 1 600 573 693 798
1655 4 2 0 1 279 301 30 651
1656 4 2 0 1 13 14 610 625
1657 4 2 0 1 548 719 661 822
1658 4 2 0 1 577 696 703 727
1659 4 2 0 1 316 672 584 728
1660 4 2 0 1 695 718 583 725
1661 4 2 0 1 559 697 678 870
1662 4 2 0 1 653 786 642 788
1663 4 2 0 1 564 700 713 863
1664 4 2 0 1 565 618 659 723
1665 4 2 0 1 602 629 721 867
1666 4 2 0 1 65 77 640 685
1667 4 2 0 1 603 642 577 786
1668 4 2 0 1 630 779 92 852
1669 4 2 0 1 38 629 60 698
1670 4 2 0 1 585 668 672 816
1671 4 2 0 1 560 599 789 820
1672 4 2 0 1 559 648 686 850
1673 4 2 0 1 669 682 568 703
1674 4 2 0 1 32 758 731 847
1675 4 2 0 1 647 707 613 758
1676 4 2 0 1 622 605 811 868
1677 4 2 0 1 611 819 549 883
1678 4 2 0 1 548 639 650 843
1679 4 2 0 1 577 682 676 889
1680 4 2 0 1 576 712 832 864
1681 4 2 0 1 408 599 626 709
1682 4 2 0 1 476 6 614 818
1683 4 2 0 1 19 776 598 826
1684 4 2 0 1 581 643 750 828
1685 4 2 0 1 601 754 655 796
1686 4 2 0 1 300 632 508 845
1687 4 2 0 1 551 811 773 868
1688 4 2 0 1 586 657 778 841
1689 4 2 0 1 558 676 642 744
1690 4 2 0 1 95 650 698 781
1691 4 2 0 1 60 62 838 877
1692 4 2 0 1 122 523 120 706
1693 4 2 0 1 550 843 621 884
1694 4 2 0 1 671 814 670 836
1695 4 2 0 1 567 597 743 836
1696 4 2 0 1 608 736 558 861
1697 4 2 0 1 548 822 661 891
1698 4 2 0 1 708 736 627 876
1699 4 2 0 1 633 703 568 823
1700 4 2 0 1 240 601 809 835
1701 4 2 0 1 552 684 663 697
1702 4 2 0 1 602 721 629 877
1703 4 2 0 1 300 801 632 845
1704 4 2 0 1 677 809 601 835
1705 4 2 0 1 657 720 587 853
1706 4 2 0 1 591 713 700 863
1707 4 2 0 1 272 279 30 651
1708 4 2 0 1 572 647 601 847
1709 4 2 0 1 531 643 71 877
1710 4 2 0 1 553 629 612 818
1711 4 2 0 1 66 68 583 724
1712 4 2 0 1 575 639 833 871
1713 4 2 0 1 165 644 143 866
1714 4 2 0 1 578 684 608 744
1715 4 2 0 1 587 574 710 722
1716 4 2 0 1 557 780 581 828
1717 4 2 0 1 555 707 588 748
1718 4 2 0 1 31 7 35 698
1719 4 2 0 1 561 668 638 878
1720 4 2 0 1 373 759 673 763
1721 4 2 0 1 548 661 557 891
1722 4 2 0 1 561 712 611 819
1723 4 2 0 1 29 614 31 651
1724 4 2 0 1 563 680 721 855
1725 4 2 0 1 600 693 573 751
1726 4 2 0 1 568 778 657 841
1727 4 2 0 1 580 705 654 830
1728 4 2 0 1 154 153 548 639
1729 4 2 0 1 609 673 560 841
1730 4 2 0 1 401 600 399 834
1731 4 2 0 1 7 8 36 629
1732 4 2 0 1 549 691 659 761
1733 4 2 0 1 565 646 634 856
1734 4 2 0 1 733 777 582 882
1735 4 2 0 1 454 620 448 753
1736 4 2 0 1 569 796 622 811
1737 4 2 0 1 660 798 693 881
1738 4 2 0 1 552 615 725 885
1739 4 2 0 1 311 633 290 746
1740 4 2 0 1 47 54 52 758
1741 4 2 0 1 411 641 491 807
1742 4 2 0 1 599 626 592 848
1743 4 2 0 1 582 784 621 803
1744 4 2 0 1 608 684 578 795
1745 4 2 0 1 593 737 658 761
1746 4 2 0 1 663 684 578 773
1747 4 2 0 1 125 523 126 548
1748 4 2 0 1 606 659 554 723
1749 4 2 0 1 228 522 708 788
1750 4 2 0 1 35 56 651 698
1751 4 2 0 1 602 643 563 877
1752 4 2 0 1 554 618 723 864
1753 4 2 0 1 52 624 45 758
1754 4 2 0 1 638 668 611 878
1755 4 2 0 1 80 613 101 852
1756 4 2 0 1 550 719 621 843
1757 4 2 0 1 272 651 251 756
1758 4 2 0 1 583 666 640 724
1759 4 2 0 1 591 700 680 777
1760 4 2 0 1 249 270 268 656
1761 4 2 0 1 480 629 612 826
1762 4 2 0 1 580 692 628 830
1763 4 2 0 1 553 621 784 867
1764 4 2 0 1 252 786 653 788
1765 4 2 0 1 219 736 708 876
1766 4 2 0 1 589 597 764 836
1767 4 2 0 1 272 30 251 651
1768 4 2 0 1 119 852 649 865
1769 4 2 0 1 621 651 650 698
1770 4 2 0 1 287 597 265 814
1771 4 2 0 1 614 651 573 698
1772 4 2 0 1 26 47 624 731
1773 4 2 0 1 665 733 582 883
1774 4 2 0 1 550 743 638 849
1775 4 2 0 1 589 671 653 836
1776 4 2 0 1 618 641 636 723
1777 4 2 0 1 401 399 600 660
1778 4 2 0 1 94 93 483 757
1779 4 2 0 1 581 750 661 828
1780 4 2 0 1 108 613 129 649
1781 4 2 0 1 591 733 658 737
1782 4 2 0 1 549 819 741 883
1783 4 2 0 1 55 640 77 685
1784 4 2 0 1 62 629 40 877
1785 4 2 0 1 52 45 624 779
1786 4 2 0 1 635 817 672 864
1787 4 2 0 1 549 658 737 761
1788 4 2 0 1 548 750 661 803
1789 4 2 0 1 102 110 581 808
1790 4 2 0 1 553 751 693 784
1791 4 2 0 1 621 602 698 781
1792 4 2 0 1 576 832 618 864
1793 4 2 0 1 584 764 597 810
1794 4 2 0 1 548 719 822 843
1795 4 2 0 1 659 761 691 832
1796 4 2 0 1 737 749 619 882
1797 4 2 0 1 624 613 779 860
1798 4 2 0 1 550 843 575 871
1799 4 2 0 1 659 691 549 819
1800 4 2 0 1 351 493 673 730
1801 4 2 0 1 693 556 800 874
1802 4 2 0 1 670 788 671 836
1803 4 2 0 1 550 638 735 849
1804 4 2 0 1 38 40 60 629
1805 4 2 0 1 330 332 519 782
1806 4 2 0 1 693 784 751 874
1807 4 2 0 1 102 100 643 706
1808 4 2 0 1 107 651 85 698
1809 4 2 0 1 713 772 593 887
1810 4 2 0 1 586 674 637 729
1811 4 2 0 1 659 832 712 864
1812 4 2 0 1 609 691 560 827
1813 4 2 0 1 84 685 86 808
1814 4 2 0 1 175 794 639 872
1815 4 2 0 1 550 667 607 715
1816 4 2 0 1 572 601 655 796
1817 4 2 0 1 627 743 670 815
1818 4 2 0 1 446 448 620 645
1819 4 2 0 1 568 703 682 823
1820 4 2 0 1 611 733 665 883
1821 4 2 0 1 619 687 623 749
1822 4 2 0 1 450 448 645 753
1823 4 2 0 1 268 656 270 787
1824 4 2 0 1 628 588 697 870
1825 4 2 0 1 599 709 759 760
1826 4 2 0 1 632 728 672 770
1827 4 2 0 1 575 667 550 871
1828 4 2 0 1 616 702 576 832
1829 4 2 0 1 35 7 36 698
1830 4 2 0 1 580 654 692 830
1831 4 2 0 1 611 561 819 878
1832 4 2 0 1 677 701 574 809
1833 4 2 0 1 23 598 776 840
1834 4 2 0 1 566 626 699 709
1835 4 2 0 1 575 621 651 843
1836 4 2 0 1 552 644 615 885
1837 4 2 0 1 765 787 656 831
1838 4 2 0 1 4 484 37 740
1839 4 2 0 1 589 696 653 801
1840 4 2 0 1 636 641 405 869
1841 4 2 0 1 624 779 714 860
1842 4 2 0 1 119 615 757 852
1843 4 2 0 1 640 666 564 740
1844 4 2 0 1 165 172 694 774
1845 4 2 0 1 251 30 230 651
1846 4 2 0 1 560 605 664 846
1847 4 2 0 1 627 667 214 752
1848 4 2 0 1 549 733 611 883
1849 4 2 0 1 687 737 593 761
1850 4 2 0 1 135 114 116 650
1851 4 2 0 1 558 736 642 806
1852 4 2 0 1 580 655 647 835
1853 4 2 0 1 670 743 597 815
1854 4 2 0 1 564 700 640 755
1855 4 2 0 1 567 627 670 708
1856 4 2 0 1 577 669 701 786
1857 4 2 0 1 592 797 821 848
1858 4 2 0 1 331 662 633 844
1859 4 2 0 1 275 597 287 814
1860 4 2 0 1 586 673 730 841
1861 4 2 0 1 373 673 674 763
1862 4 2 0 1 553 573 751 867
1863 4 2 0 1 462 738 502 776
1864 4 2 0 1 482 776 470 826
1865 4 2 0 1 247 601 268 809
1866 4 2 0 1 441 731 797 821
1867 4 2 0 1 608 684 558 744
1868 4 2 0 1 575 607 550 667
1869 4 2 0 1 316 728 584 810
1870 4 2 0 1 522 766 670 788
1871 4 2 0 1 564 772 713 887
1872 4 2 0 1 461 468 496 625
1873 4 2 0 1 582 719 665 735
1874 4 2 0 1 587 722 568 746
1875 4 2 0 1 52 45 47 758
1876 4 2 0 1 638 668 561 816
1877 4 2 0 1 605 811 682 823
1878 4 2 0 1 402 599 408 759
1879 4 2 0 1 608 795 578 849
1880 4 2 0 1 576 775 712 864
1881 4 2 0 1 628 551 773 868
1882 4 2 0 1 252 642 786 788
1883 4 2 0 1 693 723 606 874
1884 4 2 0 1 638 696 589 816
1885 4 2 0 1 666 700 564 863
1886 4 2 0 1 570 723 636 869
1887 4 2 0 1 8 38 36 629
1888 4 2 0 1 555 714 666 724
1889 4 2 0 1 599 699 594 789
1890 4 2 0 1 557 581 780 885
1891 4 2 0 1 573 629 698 867
1892 4 2 0 1 586 637 681 729
1893 4 2 0 1 290 727 669 746
1894 4 2 0 1 763 820 637 848
1895 4 2 0 1 626 709 566 753
1896 4 2 0 1 559 686 648 692
1897 4 2 0 1 584 672 668 816
1898 4 2 0 1 268 247 249 656
1899 4 2 0 1 559 678 707 870
1900 4 2 0 1 450 645 709 753
1901 4 2 0 1 564 619 666 863
1902 4 2 0 1 601 655 754 880
1903 4 2 0 1 623 622 748 846
1904 4 2 0 1 555 619 666 825
1905 4 2 0 1 643 706 78 838
1906 4 2 0 1 459 497 461 753
1907 4 2 0 1 534 649 129 850
1908 4 2 0 1 164 142 144 650
1909 4 2 0 1 550 719 608 735
1910 4 2 0 1 577 676 603 889
1911 4 2 0 1 617 636 635 873
1912 4 2 0 1 67 60 62 838
1913 4 2 0 1 474 467 614 651
1914 4 2 0 1 655 868 628 870
1915 4 2 0 1 156 648 537 850
1916 4 2 0 1 663 582 777 882
1917 4 2 0 1 661 750 548 828
1918 4 2 0 1 251 651 230 756
1919 4 2 0 1 39 724 714 812
1920 4 2 0 1 493 729 674 730
1921 4 2 0 1 371 673 616 802
1922 4 2 0 1 23 755 598 840
1923 4 2 0 1 129 108 109 613
1924 4 2 0 1 474 614 29 651
1925 4 2 0 1 55 685 77 813
1926 4 2 0 1 90 757 630 852
1927 4 2 0 1 606 717 693 886
1928 4 2 0 1 651 579 689 782
1929 4 2 0 1 571 713 856 887
1930 4 2 0 1 578 744 608 849
1931 4 2 0 1 678 697 615 718
1932 4 2 0 1 255 507 261 715
1933 4 2 0 1 549 749 741 846
1934 4 2 0 1 600 693 556 800
1935 4 2 0 1 624 758 613 860
1936 4 2 0 1 43 624 45 779
1937 4 2 0 1 560 831 820 846
1938 4 2 0 1 575 833 667 871
1939 4 2 0 1 556 683 617 711
1940 4 2 0 1 583 615 678 852
1941 4 2 0 1 230 30 222 651
1942 4 2 0 1 577 653 696 727
1943 4 2 0 1 95 116 650 781
1944 4 2 0 1 219 525 212 627
1945 4 2 0 1 566 704 625 825
1946 4 2 0 1 576 827 594 832
1947 4 2 0 1 625 704 626 797
1948 4 2 0 1 86 725 93 808
1949 4 2 0 1 143 644 165 679
1950 4 2 0 1 550 608 743 849
1951 4 2 0 1 618 576 775 785
1952 4 2 0 1 596 644 604 885
1953 4 2 0 1 23 675 755 840
1954 4 2 0 1 247 601 240 847
1955 4 2 0 1 550 735 608 849
1956 4 2 0 1 553 751 621 867
1957 4 2 0 1 734 840 598 875
1958 4 2 0 1 88 86 583 757
1959 4 2 0 1 598 755 564 840
1960 4 2 0 1 62 60 40 629
1961 4 2 0 1 582 621 719 803
1962 4 2 0 1 556 693 600 751
1963 4 2 0 1 647 655 601 835
1964 4 2 0 1 612 553 818 881
1965 4 2 0 1 750 777 661 803
1966 4 2 0 1 633 662 632 862
1967 4 2 0 1 556 617 600 800
1968 4 2 0 1 59 640 37 724
1969 4 2 0 1 575 843 639 871
1970 4 2 0 1 605 773 726 811
1971 4 2 0 1 391 702 616 760
1972 4 2 0 1 639 794 650 843
1973 4 2 0 1 583 678 615 718
1974 4 2 0 1 481 13 9 625
1975 4 2 0 1 63 651 56 698
1976 4 2 0 1 618 785 565 832
1977 4 2 0 1 37 640 34 740
1978 4 2 0 1 585 672 635 770
1979 4 2 0 1 626 599 699 709
1980 4 2 0 1 619 863 737 882
1981 4 2 0 1 665 733 606 784
1982 4 2 0 1 599 820 763 848
1983 4 2 0 1 545 679 163 793
1984 4 2 0 1 478 476 503 818
1985 4 2 0 1 482 612 460 776
1986 4 2 0 1 576 691 609 827
1987 4 2 0 1 514 689 281 747
1988 4 2 0 1 602 706 548 750
1989 4 2 0 1 610 564 740 851
1990 4 2 0 1 135 116 137 650
1991 4 2 0 1 20 721 598 767
1992 4 2 0 1 603 580 705 880
1993 4 2 0 1 672 728 632 816
1994 4 2 0 1 86 93 725 757
1995 4 2 0 1 555 610 666 714
1996 4 2 0 1 111 581 110 808
1997 4 2 0 1 615 865 119 866
1998 4 2 0 1 63 85 651 698
1999 4 2 0 1 647 758 139 847
2000 4 2 0 1 751 784 665 874
2001 4 2 0 1 606 658 723 842
2002 4 2 0 1 575 651 621 884
2003 4 2 0 1 219 627 736 876
2004 4 2 0 1 637 787 765 831
2005 4 2 0 1 569 787 637 831
2006 4 2 0 1 570 693 717 881
2007 4 2 0 1 143 644 539 866
2008 4 2 0 1 565 659 618 832
2009 4 2 0 1 721 734 629 826
2010 4 2 0 1 572 796 655 868
2011 4 2 0 1 198 651 193 756
2012 4 2 0 1 609 662 633 862
2013 4 2 0 1 553 881 734 886
2014 4 2 0 1 602 548 706 781
2015 4 2 0 1 198 222 30 651
2016 4 2 0 1 230 651 222 756
2017 4 2 0 1 605 726 741 819
2018 4 2 0 1 92 779 80 852
2019 4 2 0 1 761 771 594 832
2020 4 2 0 1 570 636 723 800
2021 4 2 0 1 618 641 565 785
2022 4 2 0 1 551 726 676 773
2023 4 2 0 1 798 818 573 881
2024 4 2 0 1 461 496 459 753
2025 4 2 0 1 18 14 17 625
2026 4 2 0 1 665 582 735 883
2027 4 2 0 1 118 528 116 781
2028 4 2 0 1 570 634 842 869
2029 4 2 0 1 594 827 691 832
2030 4 2 0 1 584 728 672 816
2031 4 2 0 1 314 316 584 810
2032 4 2 0 1 563 643 813 877
2033 4 2 0 1 592 797 731 821
2034 4 2 0 1 331 632 309 633
2035 4 2 0 1 111 780 581 808
2036 4 2 0 1 166 164 144 650
2037 4 2 0 1 590 700 666 863
2038 4 2 0 1 118 523 125 781
2039 4 2 0 1 599 760 616 789
2040 4 2 0 1 577 682 669 703
2041 4 2 0 1 599 759 616 760
2042 4 2 0 1 557 828 548 891
2043 4 2 0 1 741 819 691 846
2044 4 2 0 1 267 512 246 766
2045 4 2 0 1 664 722 569 811
2046 4 2 0 1 728 764 584 810
2047 4 2 0 1 43 714 624 779
2048 4 2 0 1 580 603 705 830
2049 4 2 0 1 89 781 698 838
2050 4 2 0 1 549 741 691 846
2051 4 2 0 1 747 782 579 783
2052 4 2 0 1 611 742 665 874
2053 4 2 0 1 382 763 637 848
2054 4 2 0 1 567 642 708 788
2055 4 2 0 1 529 781 96 838
2056 4 2 0 1 567 696 638 849
2057 4 2 0 1 619 590 863 882
2058 4 2 0 1 693 800 723 874
2059 4 2 0 1 567 788 670 836
2060 4 2 0 1 67 62 69 838
2061 4 2 0 1 571 634 738 856
2062 4 2 0 1 687 699 594 859
2063 4 2 0 1 741 819 726 878
2064 4 2 0 1 637 778 681 831
2065 4 2 0 1 701 786 603 889
2066 4 2 0 1 576 618 775 864
2067 4 2 0 1 476 478 6 818
2068 4 2 0 1 593 687 619 737
2069 4 2 0 1 577 676 682 726
2070 4 2 0 1 637 681 569 831
2071 4 2 0 1 665 751 621 784
2072 4 2 0 1 566 687 619 772
2073 4 2 0 1 474 30 467 651
2074 4 2 0 1 693 751 556 874
2075 4 2 0 1 66 88 583 757
2076 4 2 0 1 590 666 619 863
2077 4 2 0 1 71 531 78 643
2078 4 2 0 1 549 619 737 749
2079 4 2 0 1 238 809 677 835
2080 4 2 0 1 734 881 717 886
2081 4 2 0 1 589 801 653 845
2082 4 2 0 1 656 796 765 831
2083 4 2 0 1 82 685 643 813
2084 4 2 0 1 153 146 148 548
2085 4 2 0 1 383 618 376 785
2086 4 2 0 1 555 666 610 825
2087 4 2 0 1 648 649 559 888
2088 4 2 0 1 570 634 762 842
2089 4 2 0 1 86 66 88 583
2090 4 2 0 1 10 610 14 714
2091 4 2 0 1 665 582 733 784
2092 4 2 0 1 548 822 639 843
2093 4 2 0 1 167 648 774 866
2094 4 2 0 1 625 626 461 797
2095 4 2 0 1 581 725 808 885
2096 4 2 0 1 765 820 637 831
2097 4 2 0 1 126 523 128 548
2098 4 2 0 1 26 47 45 624
2099 4 2 0 1 198 222 651 756
2100 4 2 0 1 555 610 714 825
2101 4 2 0 1 154 639 548 891
2102 4 2 0 1 511 764 671 845
2103 4 2 0 1 600 693 660 798
2104 4 2 0 1 784 803 680 867
2105 4 2 0 1 419 760 645 771
2106 4 2 0 1 593 737 619 772
2107 4 2 0 1 621 803 784 867
2108 4 2 0 1 578 726 676 744
2109 4 2 0 1 565 761 771 856
2110 4 2 0 1 641 723 565 842
2111 4 2 0 1 142 135 137 650
2112 4 2 0 1 552 663 684 795
2113 4 2 0 1 214 667 627 815
2114 4 2 0 1 600 660 399 798
2115 4 2 0 1 602 563 721 877
2116 4 2 0 1 633 823 568 844
2117 4 2 0 1 577 703 669 727
2118 4 2 0 1 549 687 619 749
2119 4 2 0 1 152 828 631 891
2120 4 2 0 1 622 551 796 868
2121 4 2 0 1 9 610 851 854
2122 4 2 0 1 198 30 193 651
2123 4 2 0 1 53 767 55 813
2124 4 2 0 1 559 692 648 888
2125 4 2 0 1 610 564 666 740
2126 4 2 0 1 597 764 671 814
2127 4 2 0 1 187 580 686 835
2128 4 2 0 1 625 626 566 753
2129 4 2 0 1 591 680 734 886
2130 4 2 0 1 590 619 749 882
2131 4 2 0 1 86 65 66 583
2132 4 2 0 1 568 682 722 811
2133 4 2 0 1 658 717 571 842
2134 4 2 0 1 616 702 594 760
2135 4 2 0 1 665 719 550 735
2136 4 2 0 1 581 780 111 828
2137 4 2 0 1 258 653 259 727
2138 4 2 0 1 605 819 691 823
2139 4 2 0 1 156 686 648 850
2140 4 2 0 1 549 623 687 749
2141 4 2 0 1 461 626 625 753
2142 4 2 0 1 616 789 594 827
2143 4 2 0 1 635 770 672 879
2144 4 2 0 1 102 100 706 828
2145 4 2 0 1 659 712 691 819
2146 4 2 0 1 606 784 693 874
2147 4 2 0 1 598 721 20 826
2148 4 2 0 1 682 551 754 811
2149 4 2 0 1 606 693 784 886
2150 4 2 0 1 765 820 592 821
2151 4 2 0 1 374 635 376 636
2152 4 2 0 1 115 725 93 757
2153 4 2 0 1 553 784 693 886
2154 4 2 0 1 62 69 838 877
2155 4 2 0 1 474 29 30 651
2156 4 2 0 1 259 653 258 786
2157 4 2 0 1 645 594 709 859
2158 4 2 0 1 573 553 629 867
2159 4 2 0 1 590 663 777 882
2160 4 2 0 1 631 545 790 792
2161 4 2 0 1 526 837 752 872
2162 4 2 0 1 580 804 187 890
2163 4 2 0 1 552 725 695 885
2164 4 2 0 1 101 613 108 649
2165 4 2 0 1 615 678 649 888
2166 4 2 0 1 722 754 569 811
2167 4 2 0 1 655 707 572 868
2168 4 2 0 1 571 658 842 856
2169 4 2 0 1 553 573 629 818
2170 4 2 0 1 503 798 449 818
2171 4 2 0 1 221 736 200 806
2172 4 2 0 1 380 399 392 834
2173 4 2 0 1 570 829 762 869
2174 4 2 0 1 691 712 659 832
2175 4 2 0 1 617 711 683 834
2176 4 2 0 1 627 861 608 871
2177 4 2 0 1 612 571 717 762
2178 4 2 0 1 550 665 742 884
2179 4 2 0 1 615 697 678 888
2180 4 2 0 1 419 709 645 760
2181 4 2 0 1 239 522 670 876
2182 4 2 0 1 603 705 677 880
2183 4 2 0 1 19 470 776 826
2184 4 2 0 1 13 17 14 625
2185 4 2 0 1 665 556 751 874
2186 4 2 0 1 695 700 590 777
2187 4 2 0 1 585 668 816 862
2188 4 2 0 1 74 613 81 779
2189 4 2 0 1 565 771 761 832
2190 4 2 0 1 556 665 742 874
2191 4 2 0 1 92 90 630 852
2192 4 2 0 1 187 804 580 835
2193 4 2 0 1 660 693 600 800
2194 4 2 0 1 611 665 735 883
2195 4 2 0 1 30 170 193 651
2196 4 2 0 1 570 762 717 842
2197 4 2 0 1 659 618 832 864
2198 4 2 0 1 41 39 714 812
2199 4 2 0 1 180 686 647 835
2200 4 2 0 1 12 721 629 826
2201 4 2 0 1 553 734 680 886
2202 4 2 0 1 637 820 765 821
2203 4 2 0 1 187 686 580 890
2204 4 2 0 1 707 748 572 868
2205 4 2 0 1 102 581 110 828
2206 4 2 0 1 568 722 664 811
2207 4 2 0 1 52 49 45 779
2208 4 2 0 1 589 696 638 836
2209 4 2 0 1 660 739 499 829
2210 4 2 0 1 586 729 720 730
2211 4 2 0 1 616 702 391 732
2212 4 2 0 1 589 653 696 836
2213 4 2 0 1 691 741 549 819
2214 4 2 0 1 194 774 196 806
2215 4 2 0 1 633 561 823 862
2216 4 2 0 1 17 21 485 797
2217 4 2 0 1 138 151 131 647
2218 4 2 0 1 373 371 673 759
2219 4 2 0 1 622 572 748 868
2220 4 2 0 1 154 153 148 548
2221 4 2 0 1 556 711 617 817
2222 4 2 0 1 574 722 754 809
2223 4 2 0 1 622 748 572 765
2224 4 2 0 1 340 730 802 844
2225 4 2 0 1 5 6 478 818
2226 4 2 0 1 240 809 238 835
2227 4 2 0 1 634 570 762 869
2228 4 2 0 1 611 735 638 878
2229 4 2 0 1 45 22 26 624
2230 4 2 0 1 275 597 764 810
2231 4 2 0 1 363 618 376 858
2232 4 2 0 1 376 618 363 785
2233 4 2 0 1 609 730 673 841
2234 4 2 0 1 641 565 785 807
2235 4 2 0 1 564 620 772 887
2236 4 2 0 1 556 742 665 884
2237 4 2 0 1 340 802 662 844
2238 4 2 0 1 434 821 797 848
2239 4 2 0 1 194 172 774 806
2240 4 2 0 1 574 701 669 745
2241 4 2 0 1 653 671 271 788
2242 4 2 0 1 583 630 757 852
2243 4 2 0 1 613 630 678 852
2244 4 2 0 1 100 530 78 706
2245 4 2 0 1 656 765 637 787
2246 4 2 0 1 29 31 30 651
2247 4 2 0 1 636 723 641 869
2248 4 2 0 1 585 712 668 862
2249 4 2 0 1 621 698 602 867
2250 4 2 0 1 137 144 142 650
2251 4 2 0 1 634 501 738 824
2252 4 2 0 1 567 708 670 788
2253 4 2 0 1 605 741 726 773
2254 4 2 0 1 605 664 622 811
2255 4 2 0 1 619 687 593 772
2256 4 2 0 1 711 584 817 857
2257 4 2 0 1 594 645 760 771
2258 4 2 0 1 554 606 723 874
2259 4 2 0 1 339 337 519 688
2260 4 2 0 1 489 681 652 787
2261 4 2 0 1 634 646 565 807
2262 4 2 0 1 732 775 576 785
2263 4 2 0 1 606 717 658 842
2264 4 2 0 1 820 821 637 848
2265 4 2 0 1 671 788 653 836
2266 4 2 0 1 557 631 828 891
2267 4 2 0 1 659 723 618 864
2268 4 2 0 1 6 31 29 614
2269 4 2 0 1 621 751 665 884
2270 4 2 0 1 673 730 609 802
2271 4 2 0 1 163 545 538 679
2272 4 2 0 1 561 696 638 816
2273 4 2 0 1 195 756 193 794
2274 4 2 0 1 34 740 640 755
2275 4 2 0 1 601 796 572 847
2276 4 2 0 1 347 770 635 879
2277 4 2 0 1 141 539 143 644
2278 4 2 0 1 789 820 623 846
2279 4 2 0 1 622 831 664 846
2280 4 2 0 1 550 608 719 871
2281 4 2 0 1 623 789 699 820
2282 4 2 0 1 170 30 164 651
2283 4 2 0 1 574 710 652 809
2284 4 2 0 1 694 736 558 806
2285 4 2 0 1 567 696 653 836
2286 4 2 0 1 567 638 696 836
2287 4 2 0 1 481 496 468 625
2288 4 2 0 1 554 817 635 864
2289 4 2 0 1 194 694 172 806
2290 4 2 0 1 574 745 669 746
2291 4 2 0 1 565 771 646 856
2292 4 2 0 1 651 579 751 884
2293 4 2 0 1 210 525 208 562
2294 4 2 0 1 717 762 571 842
2295 4 2 0 1 823 841 568 844
2296 4 2 0 1 556 711 817 857
2297 4 2 0 1 556 665 751 884
2298 4 2 0 1 384 637 821 848
2299 4 2 0 1 632 801 589 845
2300 4 2 0 1 554 668 817 864
2301 4 2 0 1 680 700 591 855
2302 4 2 0 1 119 615 117 757
2303 4 2 0 1 488 264 710 745
2304 4 2 0 1 621 843 575 884
2305 4 2 0 1 668 712 561 816
2306 4 2 0 1 561 703 633 823
2307 4 2 0 1 219 708 542 876
2308 4 2 0 1 303 509 325 728
2309 4 2 0 1 571 842 634 856
2310 4 2 0 1 617 683 600 834
2311 4 2 0 1 626 704 592 797
2312 4 2 0 1 575 639 794 872
2313 4 2 0 1 609 560 673 827
2314 4 2 0 1 666 714 610 724
2315 4 2 0 1 561 726 703 823
2316 4 2 0 1 713 840 564 887
2317 4 2 0 1 30 31 35 651
2318 4 2 0 1 570 636 739 869
2319 4 2 0 1 117 615 119 866
2320 4 2 0 1 608 735 719 795
2321 4 2 0 1 463 441 731 797
2322 4 2 0 1 605 819 741 846
2323 4 2 0 1 597 670 814 836
2324 4 2 0 1 401 399 380 834
2325 4 2 0 1 81 613 74 758
2326 4 2 0 1 685 695 583 725
2327 4 2 0 1 673 789 616 827
2328 4 2 0 1 10 484 9 610
2329 4 2 0 1 603 805 786 839
2330 4 2 0 1 242 249 247 847
2331 4 2 0 1 672 728 325 770
2332 4 2 0 1 677 804 216 835
2333 4 2 0 1 719 795 661 822
2334 4 2 0 1 139 647 138 758
2335 4 2 0 1 613 678 649 852
2336 4 2 0 1 734 826 721 855
2337 4 2 0 1 607 667 575 833
2338 4 2 0 1 588 749 741 882
2339 4 2 0 1 574 652 722 809
2340 4 2 0 1 195 193 173 794
2341 4 2 0 1 21 472 25 731
2342 4 2 0 1 599 594 709 760
2343 4 2 0 1 660 818 798 881
2344 4 2 0 1 653 671 589 845
2345 4 2 0 1 549 749 737 882
2346 4 2 0 1 571 738 768 856
2347 4 2 0 1 592 821 820 848
2348 4 2 0 1 578 795 735 849
2349 4 2 0 1 265 814 597 815
2350 4 2 0 1 360 775 662 802
2351 4 2 0 1 565 785 702 832
2352 4 2 0 1 589 728 632 845
2353 4 2 0 1 561 605 726 823
2354 4 2 0 1 134 539 141 644
2355 4 2 0 1 682 754 722 811
2356 4 2 0 1 615 866 604 888
2357 4 2 0 1 142 164 30 651
2358 4 2 0 1 469 463 731 797
2359 4 2 0 1 57 37 59 640
2360 4 2 0 1 599 594 760 789
2361 4 2 0 1 80 81 613 779
2362 4 2 0 1 663 741 588 773
2363 4 2 0 1 391 494 378 616
2364 4 2 0 1 550 743 608 871
2365 4 2 0 1 682 754 551 889
2366 4 2 0 1 714 724 630 812
2367 4 2 0 1 593 646 856 887
2368 4 2 0 1 43 45 49 779
2369 4 2 0 1 702 732 576 785
2370 4 2 0 1 363 775 618 858
2371 4 2 0 1 696 638 849 878
2372 4 2 0 1 671 764 597 836
2373 4 2 0 1 629 734 612 826
2374 4 2 0 1 640 740 564 755
2375 4 2 0 1 567 743 638 836
2376 4 2 0 1 600 800 617 834
2377 4 2 0 1 118 125 528 781
2378 4 2 0 1 589 696 801 816
2379 4 2 0 1 551 628 773 830
2380 4 2 0 1 593 713 658 737
2381 4 2 0 1 129 131 151 647
2382 4 2 0 1 138 647 139 847
2383 4 2 0 1 578 741 726 878
2384 4 2 0 1 627 736 608 861
2385 4 2 0 1 648 686 156 890
2386 4 2 0 1 604 774 648 866
2387 4 2 0 1 602 706 643 838
2388 4 2 0 1 566 699 687 859
2389 4 2 0 1 35 56 30 651
2390 4 2 0 1 627 608 743 871
2391 4 2 0 1 722 754 682 889
2392 4 2 0 1 609 802 730 844
2393 4 2 0 1 568 657 587 746
2394 4 2 0 1 153 639 175 794
2395 4 2 0 1 570 660 693 881
2396 4 2 0 1 717 881 693 886
2397 4 2 0 1 569 622 796 831
2398 4 2 0 1 659 611 712 819
2399 4 2 0 1 457 454 450 753
2400 4 2 0 1 649 678 615 852
2401 4 2 0 1 476 455 503 614
2402 4 2 0 1 622 811 664 831
2403 4 2 0 1 594 691 761 832
2404 4 2 0 1 37 57 34 640
2405 4 2 0 1 31 6 7 614
2406 4 2 0 1 585 770 635 858
2407 4 2 0 1 566 825 625 854
2408 4 2 0 1 587 746 657 853
2409 4 2 0 1 594 789 691 827
2410 4 2 0 1 566 772 854 859
2411 4 2 0 1 110 581 111 828
2412 4 2 0 1 324 492 720 729
2413 4 2 0 1 640 700 563 767
2414 4 2 0 1 142 30 135 651
2415 4 2 0 1 293 746 710 853
2416 4 2 0 1 554 723 659 864
2417 4 2 0 1 441 797 434 821
2418 4 2 0 1 588 773 741 868
2419 4 2 0 1 19 23 598 776
2420 4 2 0 1 563 813 721 877
2421 4 2 0 1 471 776 675 840
2422 4 2 0 1 574 880 754 889
2423 4 2 0 1 651 689 575 756
2424 4 2 0 1 346 681 637 729
2425 4 2 0 1 567 653 788 836
2426 4 2 0 1 40 629 12 721
2427 4 2 0 1 588 741 663 882
2428 4 2 0 1 67 89 698 838
2429 4 2 0 1 68 90 88 757
2430 4 2 0 1 667 715 257 833
2431 4 2 0 1 556 817 742 857
2432 4 2 0 1 94 117 115 757
2433 4 2 0 1 583 757 615 852
2434 4 2 0 1 549 737 687 761
2435 4 2 0 1 559 707 655 870
2436 4 2 0 1 106 84 86 808
2437 4 2 0 1 86 93 106 808
2438 4 2 0 1 723 842 641 869
2439 4 2 0 1 56 63 30 651
2440 4 2 0 1 584 711 716 857
2441 4 2 0 1 703 727 696 801
2442 4 2 0 1 58 36 38 698
2443 4 2 0 1 589 764 671 836
2444 4 2 0 1 600 683 579 688
2445 4 2 0 1 637 765 656 821
2446 4 2 0 1 605 561 726 819
2447 4 2 0 1 80 101 99 852
2448 4 2 0 1 664 831 560 846
2449 4 2 0 1 819 878 741 883
2450 4 2 0 1 662 802 609 844
2451 4 2 0 1 263 261 507 715
2452 4 2 0 1 688 782 519 783
2453 4 2 0 1 196 774 654 806
2454 4 2 0 1 695 725 581 885
2455 4 2 0 1 647 686 580 835
2456 4 2 0 1 553 612 734 881
2457 4 2 0 1 382 637 384 848
2458 4 2 0 1 30 114 135 651
2459 4 2 0 1 602 803 621 867
2460 4 2 0 1 439 502 462 738
2461 4 2 0 1 651 689 579 884
2462 4 2 0 1 580 603 830 880
2463 4 2 0 1 152 150 828 891
2464 4 2 0 1 147 648 155 866
2465 4 2 0 1 393 386 32 731
2466 4 2 0 1 571 856 768 887
2467 4 2 0 1 443 465 463 731
2468 4 2 0 1 229 642 252 788
2469 4 2 0 1 593 761 658 856
2470 4 2 0 1 574 722 682 889
2471 4 2 0 1 551 773 676 830
2472 4 2 0 1 605 726 682 811
2473 4 2 0 1 594 761 687 859
2474 4 2 0 1 576 662 775 802
2475 4 2 0 1 11 629 480 826
2476 4 2 0 1 566 772 619 825
2477 4 2 0 1 582 661 777 803
2478 4 2 0 1 633 662 609 844
2479 4 2 0 1 247 240 242 847
2480 4 2 0 1 671 766 271 788
2481 4 2 0 1 85 30 63 651
2482 4 2 0 1 576 712 691 832
2483 4 2 0 1 318 331 633 844
2484 4 2 0 1 550 719 843 871
2485 4 2 0 1 466 502 444 738
2486 4 2 0 1 711 747 579 783
2487 4 2 0 1 307 508 300 632
2488 4 2 0 1 115 93 94 757
2489 4 2 0 1 632 585 769 770
2490 4 2 0 1 107 85 87 698
2491 4 2 0 1 719 803 621 843
2492 4 2 0 1 522 241 708 876
2493 4 2 0 1 30 107 114 651
2494 4 2 0 1 472 21 469 731
2495 4 2 0 1 578 741 663 773
2496 4 2 0 1 316 294 728 810
2497 4 2 0 1 636 403 739 869
2498 4 2 0 1 167 165 145 866
2499 4 2 0 1 562 861 627 871
2500 4 2 0 1 107 30 85 651
2501 4 2 0 1 549 619 687 737
2502 4 2 0 1 578 684 663 795
2503 4 2 0 1 196 654 544 806
2504 4 2 0 1 620 564 851 887
2505 4 2 0 1 450 454 448 753
2506 4 2 0 1 622 664 605 846
2507 4 2 0 1 658 761 565 856
2508 4 2 0 1 591 713 658 875
2509 4 2 0 1 611 878 819 883
2510 4 2 0 1 581 695 685 725
2511 4 2 0 1 550 742 857 884
2512 4 2 0 1 555 613 678 860
2513 4 2 0 1 616 759 378 760
2514 4 2 0 1 572 796 656 847
2515 4 2 0 1 645 646 425 771
2516 4 2 0 1 568 664 778 841
2517 4 2 0 1 73 813 531 877
2518 4 2 0 1 39 14 41 714
2519 4 2 0 1 4 484 740 851
2520 4 2 0 1 598 755 24 767
2521 4 2 0 1 302 307 300 632
2522 4 2 0 1 309 307 302 632
2523 4 2 0 1 154 175 153 639
2524 4 2 0 1 465 472 469 731
2525 4 2 0 1 155 648 167 866
2526 4 2 0 1 66 68 88 757
2527 4 2 0 1 245 507 257 715
2528 4 2 0 1 598 700 767 855
2529 4 2 0 1 477 851 620 854
2530 4 2 0 1 588 628 773 870
2531 4 2 0 1 575 689 651 884
2532 4 2 0 1 646 771 565 807
2533 4 2 0 1 444 738 646 768
2534 4 2 0 1 102 79 82 808
2535 4 2 0 1 553 573 693 751
2536 4 2 0 1 137 528 144 650
2537 4 2 0 1 165 143 145 866
2538 4 2 0 1 186 752 526 837
2539 4 2 0 1 558 805 654 806
2540 4 2 0 1 624 704 625 797
2541 4 2 0 1 79 82 643 813
2542 4 2 0 1 271 671 653 845
2543 4 2 0 1 575 794 833 872
2544 4 2 0 1 270 656 277 787
2545 4 2 0 1 403 636 405 869
2546 4 2 0 1 561 633 703 801
2547 4 2 0 1 700 755 598 767
2548 4 2 0 1 664 811 605 823
2549 4 2 0 1 35 36 56 698
2550 4 2 0 1 726 741 578 773
2551 4 2 0 1 331 329 632 769
2552 4 2 0 1 550 607 575 884
2553 4 2 0 1 550 575 843 884
2554 4 2 0 1 571 717 658 875
2555 4 2 0 1 262 701 669 786
2556 4 2 0 1 644 679 141 780
2557 4 2 0 1 448 454 453 620
2558 4 2 0 1 551 655 830 880
2559 4 2 0 1 702 785 565 807
2560 4 2 0 1 712 816 668 862
2561 4 2 0 1 329 509 632 769
2562 4 2 0 1 711 579 747 857
2563 4 2 0 1 608 735 795 849
2564 4 2 0 1 649 865 615 888
2565 4 2 0 1 602 680 803 867
2566 4 2 0 1 735 849 638 878
2567 4 2 0 1 287 265 267 814
2568 4 2 0 1 601 677 835 880
2569 4 2 0 1 563 700 695 777
2570 4 2 0 1 155 774 648 890
2571 4 2 0 1 33 755 640 767
2572 4 2 0 1 128 706 122 828
2573 4 2 0 1 360 732 775 802
2574 4 2 0 1 238 677 216 835
2575 4 2 0 1 558 642 805 806
2576 4 2 0 1 281 515 260 689
2577 4 2 0 1 194 174 196 774
2578 4 2 0 1 44 721 20 767
2579 4 2 0 1 190 736 595 791
2580 4 2 0 1 711 747 716 857
2581 4 2 0 1 721 767 51 813
2582 4 2 0 1 634 571 762 842
2583 4 2 0 1 563 767 721 813
2584 4 2 0 1 82 104 102 808
2585 4 2 0 1 644 725 615 885
2586 4 2 0 1 645 709 594 760
2587 4 2 0 1 563 680 700 777
2588 4 2 0 1 180 647 182 835
2589 4 2 0 1 591 784 680 886
2590 4 2 0 1 562 792 822 891
2591 4 2 0 1 363 618 775 785
2592 4 2 0 1 154 837 639 891
2593 4 2 0 1 574 754 722 889
2594 4 2 0 1 123 644 117 866
2595 4 2 0 1 658 713 591 737
2596 4 2 0 1 22 485 21 624
2597 4 2 0 1 573 818 553 881
2598 4 2 0 1 57 77 55 640
2599 4 2 0 1 57 65 77 640
2600 4 2 0 1 567 638 743 849
2601 4 2 0 1 32 76 54 758
2602 4 2 0 1 560 637 820 831
2603 4 2 0 1 651 751 621 884
2604 4 2 0 1 158 151 647 686
2605 4 2 0 1 265 507 245 715
2606 4 2 0 1 582 680 784 803
2607 4 2 0 1 346 637 674 729
2608 4 2 0 1 652 681 587 778
2609 4 2 0 1 637 569 681 787
2610 4 2 0 1 482 480 612 826
2611 4 2 0 1 804 835 677 880
2612 4 2 0 1 717 734 612 881
2613 4 2 0 1 122 706 100 828
2614 4 2 0 1 453 446 448 620
2615 4 2 0 1 628 868 773 870
2616 4 2 0 1 597 715 667 743
2617 4 2 0 1 572 622 796 868
2618 4 2 0 1 38 60 58 698
2619 4 2 0 1 648 692 686 890
2620 4 2 0 1 463 441 443 731
2621 4 2 0 1 99 92 80 852
2622 4 2 0 1 668 584 742 817
2623 4 2 0 1 673 674 586 730
2624 4 2 0 1 180 158 647 686
2625 4 2 0 1 721 813 51 877
2626 4 2 0 1 702 594 771 832
2627 4 2 0 1 627 667 743 815
2628 4 2 0 1 240 238 218 835
2629 4 2 0 1 160 647 138 847
2630 4 2 0 1 174 194 172 774
2631 4 2 0 1 115 644 113 725
2632 4 2 0 1 87 95 107 698
2633 4 2 0 1 680 591 734 855
2634 4 2 0 1 579 600 556 683
2635 4 2 0 1 574 809 754 880
2636 4 2 0 1 20 598 24 767
2637 4 2 0 1 446 444 646 768
2638 4 2 0 1 405 636 383 641
2639 4 2 0 1 392 518 370 683
2640 4 2 0 1 318 662 331 844
2641 4 2 0 1 79 643 531 813
2642 4 2 0 1 203 544 654 806
2643 4 2 0 1 298 508 728 845
2644 4 2 0 1 585 775 858 864
2645 4 2 0 1 368 683 518 688
2646 4 2 0 1 602 643 706 750
2647 4 2 0 1 167 648 155 774
2648 4 2 0 1 726 819 561 878
2649 4 2 0 1 9 851 479 854
2650 4 2 0 1 258 653 252 786
2651 4 2 0 1 10 14 39 714
2652 4 2 0 1 658 717 606 886
2653 4 2 0 1 571 738 634 762
2654 4 2 0 1 565 634 842 856
2655 4 2 0 1 32 656 249 847
2656 4 2 0 1 296 764 728 810
2657 4 2 0 1 288 689 514 747
2658 4 2 0 1 80 74 81 779
2659 4 2 0 1 509 769 327 770
2660 4 2 0 1 613 707 678 860
2661 4 2 0 1 786 805 234 839
2662 4 2 0 1 465 469 463 731
2663 4 2 0 1 647 572 758 847
2664 4 2 0 1 275 287 267 814
2665 4 2 0 1 229 223 642 708
2666 4 2 0 1 553 693 881 886
2667 4 2 0 1 487 720 315 853
2668 4 2 0 1 570 842 723 869
2669 4 2 0 1 675 851 564 887
2670 4 2 0 1 586 720 657 730
2671 4 2 0 1 205 705 654 890
2672 4 2 0 1 608 795 719 822
2673 4 2 0 1 577 703 696 726
2674 4 2 0 1 118 529 120 781
2675 4 2 0 1 177 175 154 639
2676 4 2 0 1 668 712 585 864
2677 4 2 0 1 503 614 447 798
2678 4 2 0 1 696 727 653 801
2679 4 2 0 1 573 553 693 881
2680 4 2 0 1 122 120 529 706
2681 4 2 0 1 683 711 341 834
2682 4 2 0 1 257 715 255 833
2683 4 2 0 1 557 631 780 828
2684 4 2 0 1 461 497 440 626
2685 4 2 0 1 611 735 878 883
2686 4 2 0 1 9 484 1 851
2687 4 2 0 1 401 636 403 739
2688 4 2 0 1 561 816 712 862
2689 4 2 0 1 643 838 78 877
2690 4 2 0 1 489 305 681 787
2691 4 2 0 1 243 244 710 809
2692 4 2 0 1 576 775 732 802
2693 4 2 0 1 562 822 792 861
2694 4 2 0 1 58 56 36 698
2695 4 2 0 1 23 471 675 840
2696 4 2 0 1 558 736 694 861
2697 4 2 0 1 561 696 703 726
2698 4 2 0 1 591 737 713 863
2699 4 2 0 1 570 717 762 829
2700 4 2 0 1 668 672 584 817
2701 4 2 0 1 658 713 593 856
2702 4 2 0 1 87 698 89 781
2703 4 2 0 1 640 724 666 740
2704 4 2 0 1 663 582 882 883
2705 4 2 0 1 605 691 819 846
2706 4 2 0 1 318 340 662 844
2707 4 2 0 1 291 313 311 746
2708 4 2 0 1 413 411 491 807
2709 4 2 0 1 627 743 667 871
2710 4 2 0 1 554 723 636 800
2711 4 2 0 1 482 460 462 776
2712 4 2 0 1 468 17 625 797
2713 4 2 0 1 582 661 719 795
2714 4 2 0 1 566 625 753 854
2715 4 2 0 1 118 120 523 781
2716 4 2 0 1 439 634 738 762
2717 4 2 0 1 152 780 631 828
2718 4 2 0 1 664 722 568 778
2719 4 2 0 1 562 736 627 861
2720 4 2 0 1 576 702 616 732
2721 4 2 0 1 582 719 661 803
2722 4 2 0 1 419 645 426 771
2723 4 2 0 1 569 778 664 831
2724 4 2 0 1 350 730 673 802
2725 4 2 0 1 653 801 727 845
2726 4 2 0 1 585 816 632 862
2727 4 2 0 1 594 760 702 771
2728 4 2 0 1 109 613 103 758
2729 4 2 0 1 203 544 205 654
2730 4 2 0 1 221 708 219 736
2731 4 2 0 1 551 622 811 868
2732 4 2 0 1 572 758 731 860
2733 4 2 0 1 519 782 690 783
2734 4 2 0 1 607 715 261 716
2735 4 2 0 1 571 856 713 875
2736 4 2 0 1 553 680 784 886
2737 4 2 0 1 640 755 700 767
2738 4 2 0 1 595 791 736 861
2739 4 2 0 1 578 795 663 883
2740 4 2 0 1 304 632 509 728
2741 4 2 0 1 569 681 652 778
2742 4 2 0 1 138 647 131 758
2743 4 2 0 1 677 536 804 839
2744 4 2 0 1 54 76 74 758
2745 4 2 0 1 402 408 599 848
2746 4 2 0 1 262 669 701 745
2747 4 2 0 1 414 393 32 731
2748 4 2 0 1 550 857 607 884
2749 4 2 0 1 12 16 721 826
2750 4 2 0 1 609 823 633 844
2751 4 2 0 1 441 434 436 821
2752 4 2 0 1 163 679 165 694
2753 4 2 0 1 109 108 103 613
2754 4 2 0 1 255 715 607 833
2755 4 2 0 1 34 640 33 755
2756 4 2 0 1 247 240 601 809
2757 4 2 0 1 155 648 156 890
2758 4 2 0 1 555 678 707 860
2759 4 2 0 1 564 755 740 851
2760 4 2 0 1 218 238 216 835
2761 4 2 0 1 561 801 696 816
2762 4 2 0 1 578 741 878 883
2763 4 2 0 1 654 705 580 890
2764 4 2 0 1 73 531 71 877
2765 4 2 0 1 200 736 192 806
2766 4 2 0 1 564 675 755 851
2767 4 2 0 1 698 781 602 838
2768 4 2 0 1 641 807 411 869
2769 4 2 0 1 155 537 156 648
2770 4 2 0 1 311 290 291 746
2771 4 2 0 1 576 691 827 832
2772 4 2 0 1 275 287 597 810
2773 4 2 0 1 586 730 657 841
2774 4 2 0 1 731 758 624 860
2775 4 2 0 1 667 752 627 871
2776 4 2 0 1 482 462 470 776
2777 4 2 0 1 620 854 772 859
2778 4 2 0 1 260 689 515 756
2779 4 2 0 1 150 548 828 891
2780 4 2 0 1 560 789 673 827
2781 4 2 0 1 462 762 738 776
2782 4 2 0 1 33 640 55 767
2783 4 2 0 1 627 752 562 871
2784 4 2 0 1 182 180 160 647
2785 4 2 0 1 393 386 731 821
2786 4 2 0 1 603 786 701 839
2787 4 2 0 1 80 72 74 779
2788 4 2 0 1 8 500 12 629
2789 4 2 0 1 554 723 800 874
2790 4 2 0 1 378 494 371 616
2791 4 2 0 1 375 637 382 763
2792 4 2 0 1 425 645 446 646
2793 4 2 0 1 375 674 637 763
2794 4 2 0 1 569 722 664 778
2795 4 2 0 1 78 531 79 643
2796 4 2 0 1 286 745 710 746
2797 4 2 0 1 433 501 439 634
2798 4 2 0 1 702 760 547 771
2799 4 2 0 1 635 770 347 858
2800 4 2 0 1 162 160 139 847
2801 4 2 0 1 563 700 680 855
2802 4 2 0 1 265 597 715 815
2803 4 2 0 1 121 649 119 852
2804 4 2 0 1 168 790 524 793
2805 4 2 0 1 662 769 632 862
2806 4 2 0 1 733 784 591 886
2807 4 2 0 1 605 561 819 823
2808 4 2 0 1 317 489 305 681
2809 4 2 0 1 96 529 118 781
2810 4 2 0 1 643 685 563 813
2811 4 2 0 1 433 829 431 869
2812 4 2 0 1 491 641 407 807
2813 4 2 0 1 65 86 84 685
2814 4 2 0 1 84 77 65 685
2815 4 2 0 1 610 825 772 854
2816 4 2 0 1 235 667 257 833
2817 4 2 0 1 568 823 664 841
2818 4 2 0 1 342 730 340 844
2819 4 2 0 1 394 702 771 807
2820 4 2 0 1 429 660 499 829
2821 4 2 0 1 121 101 108 649
2822 4 2 0 1 23 776 471 840
2823 4 2 0 1 616 760 594 789
2824 4 2 0 1 648 774 692 890
2825 4 2 0 1 580 692 654 890
2826 4 2 0 1 548 639 822 891
2827 4 2 0 1 578 878 735 883
2828 4 2 0 1 426 645 419 709
2829 4 2 0 1 32 83 76 758
2830 4 2 0 1 591 875 658 886
2831 4 2 0 1 450 645 428 709
2832 4 2 0 1 674 729 586 730
2833 4 2 0 1 571 738 762 776
2834 4 2 0 1 682 703 577 726
2835 4 2 0 1 604 648 692 888
2836 4 2 0 1 580 830 655 880
2837 4 2 0 1 32 47 26 731
2838 4 2 0 1 87 95 698 781
2839 4 2 0 1 425 426 645 771
2840 4 2 0 1 551 830 676 889
2841 4 2 0 1 458 612 818 829
2842 4 2 0 1 24 598 23 755
2843 4 2 0 1 571 713 840 875
2844 4 2 0 1 583 725 615 757
2845 4 2 0 1 243 701 677 809
2846 4 2 0 1 555 748 704 860
2847 4 2 0 1 212 219 627 736
2848 4 2 0 1 681 720 587 778
2849 4 2 0 1 269 271 511 671
2850 4 2 0 1 648 865 649 888
2851 4 2 0 1 405 491 411 641
2852 4 2 0 1 263 507 265 715
2853 4 2 0 1 572 731 656 765
2854 4 2 0 1 280 653 727 845
2855 4 2 0 1 597 814 671 836
2856 4 2 0 1 160 158 138 647
2857 4 2 0 1 346 674 493 729
2858 4 2 0 1 733 882 582 883
2859 4 2 0 1 54 74 52 758
2860 4 2 0 1 632 589 801 816
2861 4 2 0 1 228 250 522 788
2862 4 2 0 1 290 633 302 727
2863 4 2 0 1 707 868 655 870
2864 4 2 0 1 676 773 628 830
2865 4 2 0 1 631 679 545 792
2866 4 2 0 1 295 317 487 853
2867 4 2 0 1 267 265 512 814
2868 4 2 0 1 553 784 680 867
2869 4 2 0 1 519 688 337 782
2870 4 2 0 1 477 479 851 854
2871 4 2 0 1 620 859 772 887
2872 4 2 0 1 91 78 530 838
2873 4 2 0 1 81 103 613 758
2874 4 2 0 1 216 677 536 804
2875 4 2 0 1 638 696 561 878
2876 4 2 0 1 473 768 675 776
2877 4 2 0 1 32 133 112 758
2878 4 2 0 1 730 841 609 844
2879 4 2 0 1 675 564 840 887
2880 4 2 0 1 588 748 707 868
2881 4 2 0 1 333 637 681 787
2882 4 2 0 1 241 542 708 876
2883 4 2 0 1 108 101 103 613
2884 4 2 0 1 522 250 766 788
2885 4 2 0 1 205 544 183 654
2886 4 2 0 1 589 632 728 816
2887 4 2 0 1 274 652 268 787
2888 4 2 0 1 265 597 287 810
2889 4 2 0 1 540 677 701 839
2890 4 2 0 1 177 639 154 837
2891 4 2 0 1 357 334 32 656
2892 4 2 0 1 581 725 685 808
2893 4 2 0 1 371 350 673 802
2894 4 2 0 1 100 78 643 706
2895 4 2 0 1 23 675 27 755
2896 4 2 0 1 243 540 677 701
2897 4 2 0 1 614 573 798 818
2898 4 2 0 1 257 715 667 815
2899 4 2 0 1 340 730 342 802
2900 4 2 0 1 677 880 574 889
2901 4 2 0 1 865 866 615 888
2902 4 2 0 1 689 747 579 857
2903 4 2 0 1 547 760 419 771
2904 4 2 0 1 646 738 634 856
2905 4 2 0 1 2 755 675 851
2906 4 2 0 1 565 702 771 832
2907 4 2 0 1 55 77 75 813
2908 4 2 0 1 75 53 55 813
2909 4 2 0 1 696 726 561 878
2910 4 2 0 1 675 776 768 840
2911 4 2 0 1 201 223 221 806
2912 4 2 0 1 201 221 200 806
2913 4 2 0 1 364 775 732 785
2914 4 2 0 1 274 270 277 787
2915 4 2 0 1 564 755 675 840
2916 4 2 0 1 382 377 384 637
2917 4 2 0 1 243 264 701 710
2918 4 2 0 1 742 817 584 857
2919 4 2 0 1 687 761 593 859
2920 4 2 0 1 615 644 604 866
2921 4 2 0 1 3 740 34 755
2922 4 2 0 1 620 675 768 887
2923 4 2 0 1 633 801 561 862
2924 4 2 0 1 205 654 705 805
2925 4 2 0 1 604 692 648 774
2926 4 2 0 1 460 762 612 829
2927 4 2 0 1 160 138 139 847
2928 4 2 0 1 635 817 617 879
2929 4 2 0 1 585 858 635 864
2930 4 2 0 1 370 518 368 683
2931 4 2 0 1 634 411 807 869
2932 4 2 0 1 13 14 10 610
2933 4 2 0 1 565 761 659 832
2934 4 2 0 1 16 20 721 826
2935 4 2 0 1 102 104 110 808
2936 4 2 0 1 560 820 789 846
2937 4 2 0 1 508 632 304 728
2938 4 2 0 1 183 544 196 654
2939 4 2 0 1 565 842 658 856
2940 4 2 0 1 579 683 556 711
2941 4 2 0 1 160 180 158 647
2942 4 2 0 1 282 259 669 727
2943 4 2 0 1 466 464 502 768
2944 4 2 0 1 713 856 658 875
2945 4 2 0 1 40 12 16 721
2946 4 2 0 1 631 792 790 891
2947 4 2 0 1 154 548 148 891
2948 4 2 0 1 606 784 733 886
2949 4 2 0 1 290 669 291 746
2950 4 2 0 1 63 64 85 698
2951 4 2 0 1 213 214 667 752
2952 4 2 0 1 452 430 626 709
2953 4 2 0 1 374 376 381 636
2954 4 2 0 1 252 642 229 786
2955 4 2 0 1 351 373 673 674
2956 4 2 0 1 432 797 626 848
2957 4 2 0 1 578 735 795 883
2958 4 2 0 1 436 414 32 731
2959 4 2 0 1 593 772 859 887
2960 4 2 0 1 260 607 261 747
2961 4 2 0 1 646 807 634 824
2962 4 2 0 1 713 593 856 887
2963 4 2 0 1 63 56 58 698
2964 4 2 0 1 32 105 83 758
2965 4 2 0 1 124 119 865 866
2966 4 2 0 1 383 376 363 785
2967 4 2 0 1 740 755 3 851
2968 4 2 0 1 790 792 562 891
2969 4 2 0 1 705 804 580 890
2970 4 2 0 1 111 110 104 808
2971 4 2 0 1 250 252 653 788
2972 4 2 0 1 405 383 498 641
2973 4 2 0 1 475 675 473 768
2974 4 2 0 1 549 882 733 883
2975 4 2 0 1 307 309 329 632
2976 4 2 0 1 331 329 309 632
2977 4 2 0 1 190 192 736 791
2978 4 2 0 1 266 710 244 809
2979 4 2 0 1 105 32 112 758
2980 4 2 0 1 554 668 742 817
2981 4 2 0 1 534 649 850 865
2982 4 2 0 1 601 656 796 847
2983 4 2 0 1 566 687 772 859
2984 4 2 0 1 81 103 101 613
2985 4 2 0 1 432 434 797 848
2986 4 2 0 1 180 686 187 890
2987 4 2 0 1 272 260 515 756
2988 4 2 0 1 584 716 715 857
2989 4 2 0 1 295 652 587 710
2990 4 2 0 1 609 662 576 802
2991 4 2 0 1 133 139 138 758
2992 4 2 0 1 223 805 642 806
2993 4 2 0 1 606 665 784 874
2994 4 2 0 1 633 727 703 801
2995 4 2 0 1 736 791 694 861
2996 4 2 0 1 632 801 633 862
2997 4 2 0 1 586 778 664 841
2998 4 2 0 1 292 314 716 810
2999 4 2 0 1 138 158 151 647
3000 4 2 0 1 363 385 383 785
3001 4 2 0 1 422 499 660 739
3002 4 2 0 1 134 644 141 780
3003 4 2 0 1 582 719 735 795
3004 4 2 0 1 122 529 100 706
3005 4 2 0 1 701 786 234 839
3006 4 2 0 1 32 249 242 847
3007 4 2 0 1 134 136 539 644
3008 4 2 0 1 667 597 743 815
3009 4 2 0 1 562 595 736 861
3010 4 2 0 1 568 841 657 844
3011 4 2 0 1 232 786 642 805
3012 4 2 0 1 182 835 647 847
3013 4 2 0 1 570 717 829 881
3014 4 2 0 1 431 829 739 869
3015 4 2 0 1 635 858 618 864
3016 4 2 0 1 123 136 117 644
3017 4 2 0 1 25 32 26 731
3018 4 2 0 1 571 658 856 875
3019 4 2 0 1 381 376 383 636
3020 4 2 0 1 456 478 503 818
3021 4 2 0 1 219 221 542 708
3022 4 2 0 1 408 409 626 848
3023 4 2 0 1 557 822 792 891
3024 4 2 0 1 11 12 500 629
3025 4 2 0 1 579 683 711 783
3026 4 2 0 1 140 538 631 679
3027 4 2 0 1 580 835 804 880
3028 4 2 0 1 274 268 270 787
3029 4 2 0 1 9 13 10 610
3030 4 2 0 1 333 637 346 681
3031 4 2 0 1 303 672 316 728
3032 4 2 0 1 16 42 40 721
3033 4 2 0 1 449 798 660 818
3034 4 2 0 1 226 213 833 872
3035 4 2 0 1 87 64 67 698
3036 4 2 0 1 207 804 705 890
3037 4 2 0 1 556 751 579 884
3038 4 2 0 1 694 792 791 793
3039 4 2 0 1 626 797 592 848
3040 4 2 0 1 398 702 391 760
3041 4 2 0 1 401 380 381 636
3042 4 2 0 1 608 861 822 871
3043 4 2 0 1 618 858 775 864
3044 4 2 0 1 126 146 125 548
3045 4 2 0 1 549 741 882 883
3046 4 2 0 1 87 85 64 698
3047 4 2 0 1 262 669 259 786
3048 4 2 0 1 375 377 382 637
3049 4 2 0 1 596 661 557 885
3050 4 2 0 1 184 187 804 890
3051 4 2 0 1 117 136 115 644
3052 4 2 0 1 307 329 509 632
3053 4 2 0 1 437 771 646 824
3054 4 2 0 1 587 652 295 681
3055 4 2 0 1 565 771 702 807
3056 4 2 0 1 571 768 738 776
3057 4 2 0 1 50 721 51 877
3058 4 2 0 1 338 336 662 775
3059 4 2 0 1 596 679 644 780
3060 4 2 0 1 60 64 58 698
3061 4 2 0 1 33 46 755 767
3062 4 2 0 1 58 64 63 698
3063 4 2 0 1 249 32 270 656
3064 4 2 0 1 338 662 360 775
3065 4 2 0 1 572 622 765 796
3066 4 2 0 1 260 689 607 747
3067 4 2 0 1 422 660 401 739
3068 4 2 0 1 662 769 585 775
3069 4 2 0 1 312 716 711 747
3070 4 2 0 1 595 562 792 861
3071 4 2 0 1 110 111 780 828
3072 4 2 0 1 394 702 395 771
3073 4 2 0 1 582 777 680 803
3074 4 2 0 1 451 818 660 829
3075 4 2 0 1 550 667 743 871
3076 4 2 0 1 676 726 578 773
3077 4 2 0 1 627 670 708 876
3078 4 2 0 1 293 295 487 853
3079 4 2 0 1 334 328 32 656
3080 4 2 0 1 44 51 721 767
3081 4 2 0 1 32 443 436 731
3082 4 2 0 1 265 715 597 810
3083 4 2 0 1 602 838 643 877
3084 4 2 0 1 617 817 711 879
3085 4 2 0 1 479 457 753 854
3086 4 2 0 1 486 298 764 845
3087 4 2 0 1 232 642 229 805
3088 4 2 0 1 791 792 595 793
3089 4 2 0 1 650 794 575 843
3090 4 2 0 1 338 360 662 802
3091 4 2 0 1 681 720 586 729
3092 4 2 0 1 574 677 809 880
3093 4 2 0 1 138 131 133 758
3094 4 2 0 1 582 663 795 883
3095 4 2 0 1 540 701 234 839
3096 4 2 0 1 541 215 705 804
3097 4 2 0 1 578 849 735 878
3098 4 2 0 1 401 420 399 660
3099 4 2 0 1 46 24 755 767
3100 4 2 0 1 578 663 741 883
3101 4 2 0 1 586 720 681 778
3102 4 2 0 1 194 172 694 791
3103 4 2 0 1 101 80 81 613
3104 4 2 0 1 561 703 696 801
3105 4 2 0 1 381 383 403 636
3106 4 2 0 1 639 752 562 837
3107 4 2 0 1 648 866 865 888
3108 4 2 0 1 355 333 334 787
3109 4 2 0 1 229 642 223 805
3110 4 2 0 1 169 679 694 793
3111 4 2 0 1 466 738 444 768
3112 4 2 0 1 129 534 127 649
3113 4 2 0 1 769 775 336 858
3114 4 2 0 1 336 769 662 775
3115 4 2 0 1 223 228 221 708
3116 4 2 0 1 229 228 223 708
3117 4 2 0 1 235 255 233 833
3118 4 2 0 1 822 861 562 871
3119 4 2 0 1 389 732 702 785
3120 4 2 0 1 246 670 522 766
3121 4 2 0 1 588 773 868 870
3122 4 2 0 1 562 752 639 871
3123 4 2 0 1 19 598 20 826
3124 4 2 0 1 646 768 738 856
3125 4 2 0 1 25 472 32 731
3126 4 2 0 1 593 772 687 859
3127 4 2 0 1 556 857 742 884
3128 4 2 0 1 460 612 458 829
3129 4 2 0 1 446 466 444 768
3130 4 2 0 1 453 466 446 768
3131 4 2 0 1 162 139 32 847
3132 4 2 0 1 401 381 403 636
3133 4 2 0 1 548 750 706 828
3134 4 2 0 1 610 625 825 854
3135 4 2 0 1 707 748 555 860
3136 4 2 0 1 560 789 691 846
3137 4 2 0 1 207 541 705 804
3138 4 2 0 1 589 764 728 845
3139 4 2 0 1 295 720 317 853
3140 4 2 0 1 146 126 148 548
3141 4 2 0 1 67 89 87 698
3142 4 2 0 1 311 318 633 844
3143 4 2 0 1 338 662 340 802
3144 4 2 0 1 465 443 32 731
3145 4 2 0 1 642 786 603 805
3146 4 2 0 1 246 239 522 670
3147 4 2 0 1 563 767 700 855
3148 4 2 0 1 343 341 711 834
3149 4 2 0 1 208 526 186 752
3150 4 2 0 1 480 458 612 818
3151 4 2 0 1 608 822 719 871
3152 4 2 0 1 768 856 646 887
3153 4 2 0 1 572 765 656 796
3154 4 2 0 1 627 815 670 876
3155 4 2 0 1 465 32 472 731
3156 4 2 0 1 150 548 128 828
3157 4 2 0 1 604 866 648 888
3158 4 2 0 1 182 647 160 847
3159 4 2 0 1 405 403 383 636
3160 4 2 0 1 246 814 512 815
3161 4 2 0 1 521 794 204 833
3162 4 2 0 1 296 728 294 810
3163 4 2 0 1 67 64 60 698
3164 4 2 0 1 409 432 626 848
3165 4 2 0 1 271 278 511 845
3166 4 2 0 1 351 373 371 673
3167 4 2 0 1 526 752 206 872
3168 4 2 0 1 705 805 603 839
3169 4 2 0 1 23 20 19 598
3170 4 2 0 1 597 715 584 810
3171 4 2 0 1 285 513 716 810
3172 4 2 0 1 151 534 129 850
3173 4 2 0 1 277 270 32 656
3174 4 2 0 1 255 261 607 715
3175 4 2 0 1 394 771 415 807
3176 4 2 0 1 217 525 219 876
3177 4 2 0 1 595 562 790 792
3178 4 2 0 1 102 122 100 828
3179 4 2 0 1 670 766 671 788
3180 4 2 0 1 183 654 774 890
3181 4 2 0 1 228 522 241 708
3182 4 2 0 1 647 835 601 847
3183 4 2 0 1 381 636 380 873
3184 4 2 0 1 228 229 250 788
3185 4 2 0 1 250 229 252 788
3186 4 2 0 1 115 134 113 644
3187 4 2 0 1 115 136 134 644
3188 4 2 0 1 169 163 165 694
3189 4 2 0 1 165 172 169 694
3190 4 2 0 1 434 412 821 848
3191 4 2 0 1 328 306 32 656
3192 4 2 0 1 27 675 2 755
3193 4 2 0 1 15 482 470 826
3194 4 2 0 1 141 644 143 679
3195 4 2 0 1 714 779 41 812
3196 4 2 0 1 666 724 610 740
3197 4 2 0 1 355 637 333 787
3198 4 2 0 1 16 20 42 721
3199 4 2 0 1 205 541 227 705
3200 4 2 0 1 639 575 794 843
3201 4 2 0 1 158 151 686 850
3202 4 2 0 1 439 501 442 738
3203 4 2 0 1 87 89 95 781
3204 4 2 0 1 603 677 705 839
3205 4 2 0 1 422 420 401 660
3206 4 2 0 1 220 242 240 847
3207 4 2 0 1 391 616 378 760
3208 4 2 0 1 290 311 309 633
3209 4 2 0 1 691 789 560 827
3210 4 2 0 1 235 257 667 815
3211 4 2 0 1 339 688 519 783
3212 4 2 0 1 119 649 121 865
3213 4 2 0 1 24 20 23 598
3214 4 2 0 1 394 785 702 807
3215 4 2 0 1 537 149 850 865
3216 4 2 0 1 235 257 255 833
3217 4 2 0 1 468 625 461 797
3218 4 2 0 1 607 715 667 833
3219 4 2 0 1 178 686 180 890
3220 4 2 0 1 769 585 775 858
3221 4 2 0 1 428 645 426 709
3222 4 2 0 1 2 3 755 851
3223 4 2 0 1 425 419 426 771
3224 4 2 0 1 44 20 24 767
3225 4 2 0 1 425 646 437 771
3226 4 2 0 1 716 747 607 857
3227 4 2 0 1 206 752 213 872
3228 4 2 0 1 97 757 90 852
3229 4 2 0 1 292 716 513 810
3230 4 2 0 1 557 792 631 891
3231 4 2 0 1 290 309 302 633
3232 4 2 0 1 214 237 667 815
3233 4 2 0 1 277 32 299 656
3234 4 2 0 1 102 110 122 828
3235 4 2 0 1 52 74 72 779
3236 4 2 0 1 393 731 414 821
3237 4 2 0 1 306 299 32 656
3238 4 2 0 1 266 264 244 710
3239 4 2 0 1 439 738 462 762
3240 4 2 0 1 351 673 350 730
3241 4 2 0 1 348 683 341 834
3242 4 2 0 1 452 450 430 709
3243 4 2 0 1 384 637 377 821
3244 4 2 0 1 470 19 15 826
3245 4 2 0 1 417 419 425 771
3246 4 2 0 1 24 46 44 767
3247 4 2 0 1 227 541 215 705
3248 4 2 0 1 620 851 675 887
3249 4 2 0 1 44 42 20 721
3250 4 2 0 1 658 875 717 886
3251 4 2 0 1 269 511 267 671
3252 4 2 0 1 256 701 262 786
3253 4 2 0 1 224 226 520 833
3254 4 2 0 1 99 97 92 852
3255 4 2 0 1 32 242 220 847
3256 4 2 0 1 152 130 780 828
3257 4 2 0 1 296 275 764 810
3258 4 2 0 1 588 868 707 870
3259 4 2 0 1 421 709 419 760
3260 4 2 0 1 549 737 733 882
3261 4 2 0 1 398 547 702 760
3262 4 2 0 1 609 841 823 844
3263 4 2 0 1 582 795 735 883
3264 4 2 0 1 371 350 351 673
3265 4 2 0 1 207 541 205 705
3266 4 2 0 1 617 873 635 879
3267 4 2 0 1 282 669 290 727
3268 4 2 0 1 562 639 822 871
3269 4 2 0 1 61 68 724 812
3270 4 2 0 1 175 527 197 872
3271 4 2 0 1 671 764 589 845
3272 4 2 0 1 616 802 673 827
3273 4 2 0 1 320 332 516 690
3274 4 2 0 1 313 291 487 853
3275 4 2 0 1 303 325 672 728
3276 4 2 0 1 29 474 476 614
3277 4 2 0 1 480 458 460 612
3278 4 2 0 1 159 631 545 790
3279 4 2 0 1 258 280 653 727
3280 4 2 0 1 318 331 311 633
3281 4 2 0 1 88 90 483 757
3282 4 2 0 1 430 408 626 709
3283 4 2 0 1 239 670 815 876
3284 4 2 0 1 115 113 93 725
3285 4 2 0 1 215 804 536 839
3286 4 2 0 1 667 715 597 815
3287 4 2 0 1 185 837 526 872
3288 4 2 0 1 281 514 288 689
3289 4 2 0 1 585 632 769 862
3290 4 2 0 1 739 829 570 869
3291 4 2 0 1 347 635 345 879
3292 4 2 0 1 458 818 451 829
3293 4 2 0 1 148 548 150 891
3294 4 2 0 1 291 669 284 746
3295 4 2 0 1 595 792 790 793
3296 4 2 0 1 266 488 264 710
3297 4 2 0 1 374 636 381 873
3298 4 2 0 1 235 213 667 833
3299 4 2 0 1 183 654 196 774
3300 4 2 0 1 207 705 205 890
3301 4 2 0 1 235 213 214 667
3302 4 2 0 1 240 218 220 847
3303 4 2 0 1 639 562 822 837
3304 4 2 0 1 307 304 508 632
3305 4 2 0 1 314 711 312 716
3306 4 2 0 1 607 715 716 857
3307 4 2 0 1 656 765 731 821
3308 4 2 0 1 596 780 644 885
3309 4 2 0 1 280 278 653 845
3310 4 2 0 1 187 686 180 835
3311 4 2 0 1 33 34 55 640
3312 4 2 0 1 55 34 57 640
3313 4 2 0 1 246 670 814 815
3314 4 2 0 1 95 89 96 781
3315 4 2 0 1 311 331 309 633
3316 4 2 0 1 318 340 338 662
3317 4 2 0 1 466 768 473 776
3318 4 2 0 1 597 814 670 815
3319 4 2 0 1 281 260 261 747
3320 4 2 0 1 335 510 769 770
3321 4 2 0 1 328 656 334 787
3322 4 2 0 1 694 679 792 793
3323 4 2 0 1 394 491 407 807
3324 4 2 0 1 822 837 562 891
3325 4 2 0 1 376 635 354 858
3326 4 2 0 1 473 466 453 768
3327 4 2 0 1 475 473 453 768
3328 4 2 0 1 169 679 163 694
3329 4 2 0 1 452 440 497 626
3330 4 2 0 1 325 509 327 770
3331 4 2 0 1 53 46 33 767
3332 4 2 0 1 33 55 53 767
3333 4 2 0 1 130 110 780 828
3334 4 2 0 1 152 631 159 891
3335 4 2 0 1 387 364 732 785
3336 4 2 0 1 3 34 33 755
3337 4 2 0 1 28 3 33 755
3338 4 2 0 1 769 770 585 858
3339 4 2 0 1 76 83 81 758
3340 4 2 0 1 677 601 809 880
3341 4 2 0 1 639 837 822 891
3342 4 2 0 1 430 450 428 709
3343 4 2 0 1 232 229 642 786
3344 4 2 0 1 317 315 487 720
3345 4 2 0 1 549 741 749 882
3346 4 2 0 1 227 805 705 839
3347 4 2 0 1 318 338 331 662
3348 4 2 0 1 171 162 32 847
3349 4 2 0 1 147 155 167 866
3350 4 2 0 1 692 774 654 890
3351 4 2 0 1 282 280 259 727
3352 4 2 0 1 190 212 595 736
3353 4 2 0 1 488 710 286 745
3354 4 2 0 1 92 97 90 852
3355 4 2 0 1 409 432 430 626
3356 4 2 0 1 169 694 172 791
3357 4 2 0 1 281 689 260 747
3358 4 2 0 1 417 415 395 771
3359 4 2 0 1 415 394 395 771
3360 4 2 0 1 72 49 52 779
3361 4 2 0 1 363 775 364 785
3362 4 2 0 1 428 450 448 645
3363 4 2 0 1 211 218 835 847
3364 4 2 0 1 657 841 730 844
3365 4 2 0 1 451 449 660 818
3366 4 2 0 1 167 174 172 774
3367 4 2 0 1 576 802 616 827
3368 4 2 0 1 13 468 17 625
3369 4 2 0 1 460 482 480 612
3370 4 2 0 1 333 681 326 787
3371 4 2 0 1 243 244 264 710
3372 4 2 0 1 482 11 480 826
3373 4 2 0 1 671 766 670 814
3374 4 2 0 1 28 33 46 755
3375 4 2 0 1 46 24 28 755
3376 4 2 0 1 473 675 471 776
3377 4 2 0 1 17 469 21 797
3378 4 2 0 1 476 6 29 614
3379 4 2 0 1 168 595 790 793
3380 4 2 0 1 341 517 339 690
3381 4 2 0 1 457 496 479 753
3382 4 2 0 1 2 675 546 851
3383 4 2 0 1 579 711 556 857
3384 4 2 0 1 319 730 342 844
3385 4 2 0 1 421 428 426 709
3386 4 2 0 1 77 685 75 813
3387 4 2 0 1 676 830 603 889
3388 4 2 0 1 258 259 280 727
3389 4 2 0 1 389 387 732 785
3390 4 2 0 1 444 502 442 738
3391 4 2 0 1 439 442 502 738
3392 4 2 0 1 689 607 747 857
3393 4 2 0 1 429 427 499 660
3394 4 2 0 1 214 237 235 667
3395 4 2 0 1 289 513 292 716
3396 4 2 0 1 699 789 599 820
3397 4 2 0 1 557 792 822 861
3398 4 2 0 1 119 757 97 852
3399 4 2 0 1 293 487 291 853
3400 4 2 0 1 167 172 165 774
3401 4 2 0 1 119 124 123 866
3402 4 2 0 1 130 150 128 828
3403 4 2 0 1 228 241 542 708
3404 4 2 0 1 212 200 219 736
3405 4 2 0 1 221 219 200 736
3406 4 2 0 1 460 438 762 829
3407 4 2 0 1 100 78 79 643
3408 4 2 0 1 576 609 802 827
3409 4 2 0 1 339 690 517 783
3410 4 2 0 1 585 769 662 862
3411 4 2 0 1 250 653 271 788
3412 4 2 0 1 167 145 147 866
3413 4 2 0 1 96 89 530 838
3414 4 2 0 1 596 694 792 861
3415 4 2 0 1 38 8 12 629
3416 4 2 0 1 298 300 508 845
3417 4 2 0 1 323 672 345 879
3418 4 2 0 1 225 232 229 805
3419 4 2 0 1 126 128 148 548
3420 4 2 0 1 73 51 813 877
3421 4 2 0 1 448 426 428 645
3422 4 2 0 1 99 121 119 852
3423 4 2 0 1 292 294 314 810
3424 4 2 0 1 303 323 316 672
3425 4 2 0 1 18 43 41 714
3426 4 2 0 1 302 280 727 845
3427 4 2 0 1 220 199 32 847
3428 4 2 0 1 176 774 155 890
3429 4 2 0 1 435 501 433 634
3430 4 2 0 1 243 677 244 809
3431 4 2 0 1 572 748 707 860
3432 4 2 0 1 338 360 358 775
3433 4 2 0 1 338 358 336 775
3434 4 2 0 1 154 157 837 891
3435 4 2 0 1 563 721 767 855
3436 4 2 0 1 81 74 76 758
3437 4 2 0 1 307 509 304 632
3438 4 2 0 1 261 283 281 747
3439 4 2 0 1 254 259 258 786
3440 4 2 0 1 204 206 226 872
3441 4 2 0 1 51 767 53 813
3442 4 2 0 1 352 345 635 879
3443 4 2 0 1 574 701 677 889
3444 4 2 0 1 426 419 421 709
3445 4 2 0 1 448 446 426 645
3446 4 2 0 1 42 44 50 721
3447 4 2 0 1 297 489 295 652
3448 4 2 0 1 562 837 790 891
3449 4 2 0 1 229 223 225 805
3450 4 2 0 1 171 182 162 847
3451 4 2 0 1 232 234 786 805
3452 4 2 0 1 219 542 239 876
3453 4 2 0 1 579 688 683 783
3454 4 2 0 1 15 11 482 826
3455 4 2 0 1 123 117 119 866
3456 4 2 0 1 673 802 609 827
3457 4 2 0 1 430 408 409 626
3458 4 2 0 1 130 152 150 828
3459 4 2 0 1 325 345 323 672
3460 4 2 0 1 235 667 237 815
3461 4 2 0 1 336 775 358 858
3462 4 2 0 1 471 19 470 776
3463 4 2 0 1 265 715 245 815
3464 4 2 0 1 714 630 779 812
3465 4 2 0 1 245 715 257 815
3466 4 2 0 1 112 133 131 758
3467 4 2 0 1 258 252 254 786
3468 4 2 0 1 171 32 191 847
3469 4 2 0 1 102 100 79 643
3470 4 2 0 1 481 468 13 625
3471 4 2 0 1 413 634 411 807
3472 4 2 0 1 686 692 580 890
3473 4 2 0 1 297 489 652 787
3474 4 2 0 1 425 426 446 645
3475 4 2 0 1 660 829 818 881
3476 4 2 0 1 417 547 419 771
3477 4 2 0 1 327 769 510 770
3478 4 2 0 1 598 826 734 855
3479 4 2 0 1 598 767 721 855
3480 4 2 0 1 469 17 468 797
3481 4 2 0 1 71 643 78 877
3482 4 2 0 1 395 702 547 771
3483 4 2 0 1 303 325 323 672
3484 4 2 0 1 754 809 601 880
3485 4 2 0 1 338 331 662 769
3486 4 2 0 1 2 3 28 755
3487 4 2 0 1 27 2 28 755
3488 4 2 0 1 12 629 11 826
3489 4 2 0 1 342 730 350 802
3490 4 2 0 1 405 407 491 641
3491 4 2 0 1 41 714 43 779
3492 4 2 0 1 303 304 509 728
3493 4 2 0 1 19 471 23 776
3494 4 2 0 1 389 391 702 732
3495 4 2 0 1 378 616 371 759
3496 4 2 0 1 199 191 32 847
3497 4 2 0 1 473 23 471 675
3498 4 2 0 1 23 473 27 675
3499 4 2 0 1 349 834 343 879
3500 4 2 0 1 228 542 221 708
3501 4 2 0 1 238 536 216 677
3502 4 2 0 1 128 150 148 548
3503 4 2 0 1 152 157 150 891
3504 4 2 0 1 603 880 677 889
3505 4 2 0 1 672 817 635 879
3506 4 2 0 1 178 156 686 890
3507 4 2 0 1 44 51 50 721
3508 4 2 0 1 314 294 316 810
3509 4 2 0 1 9 1 479 851
3510 4 2 0 1 99 119 97 852
3511 4 2 0 1 258 271 252 653
3512 4 2 0 1 271 250 252 653
3513 4 2 0 1 182 189 835 847
3514 4 2 0 1 204 226 833 872
3515 4 2 0 1 262 488 284 745
3516 4 2 0 1 683 688 368 783
3517 4 2 0 1 38 12 40 629
3518 4 2 0 1 771 807 646 824
3519 4 2 0 1 24 23 27 755
3520 4 2 0 1 28 24 27 755
3521 4 2 0 1 66 61 68 724
3522 4 2 0 1 260 253 255 607
3523 4 2 0 1 185 527 837 872
3524 4 2 0 1 27 546 2 675
3525 4 2 0 1 501 634 435 824
3526 4 2 0 1 147 865 648 866
3527 4 2 0 1 48 779 533 812
3528 4 2 0 1 398 395 391 702
3529 4 2 0 1 360 340 362 802
3530 4 2 0 1 41 14 18 714
3531 4 2 0 1 284 291 290 669
3532 4 2 0 1 178 176 156 890
3533 4 2 0 1 353 637 375 674
3534 4 2 0 1 335 769 336 858
3535 4 2 0 1 346 637 353 674
3536 4 2 0 1 332 690 519 782
3537 4 2 0 1 432 440 626 797
3538 4 2 0 1 374 352 635 873
3539 4 2 0 1 405 498 407 641
3540 4 2 0 1 612 829 717 881
3541 4 2 0 1 182 160 162 847
3542 4 2 0 1 226 206 213 872
3543 4 2 0 1 27 473 546 675
3544 4 2 0 1 596 694 679 792
3545 4 2 0 1 208 206 526 752
3546 4 2 0 1 190 192 212 736
3547 4 2 0 1 192 200 212 736
3548 4 2 0 1 180 187 184 890
3549 4 2 0 1 436 414 731 821
3550 4 2 0 1 447 798 614 799
3551 4 2 0 1 391 395 389 702
3552 4 2 0 1 338 340 360 802
3553 4 2 0 1 157 152 159 891
3554 4 2 0 1 352 345 347 635
3555 4 2 0 1 277 656 299 787
3556 4 2 0 1 131 109 112 758
3557 4 2 0 1 444 646 738 824
3558 4 2 0 1 48 41 779 812
3559 4 2 0 1 1 477 479 851
3560 4 2 0 1 715 716 584 810
3561 4 2 0 1 441 440 434 797
3562 4 2 0 1 106 113 532 808
3563 4 2 0 1 768 776 571 840
3564 4 2 0 1 194 201 200 806
3565 4 2 0 1 200 192 194 806
3566 4 2 0 1 140 538 152 631
3567 4 2 0 1 95 96 116 781
3568 4 2 0 1 598 721 826 855
3569 4 2 0 1 66 59 61 724
3570 4 2 0 1 447 503 455 614
3571 4 2 0 1 61 533 68 812
3572 4 2 0 1 570 739 660 829
3573 4 2 0 1 612 762 717 829
3574 4 2 0 1 439 438 433 762
3575 4 2 0 1 269 671 267 814
3576 4 2 0 1 634 738 646 824
3577 4 2 0 1 689 579 747 782
3578 4 2 0 1 192 169 172 791
3579 4 2 0 1 194 192 172 791
3580 4 2 0 1 818 829 612 881
3581 4 2 0 1 319 342 340 844
3582 4 2 0 1 830 880 603 889
3583 4 2 0 1 439 433 634 762
3584 4 2 0 1 677 804 705 839
3585 4 2 0 1 284 488 286 745
3586 4 2 0 1 290 282 284 669
3587 4 2 0 1 602 781 706 838
3588 4 2 0 1 367 360 732 775
3589 4 2 0 1 377 357 366 821
3590 4 2 0 1 262 264 488 745
3591 4 2 0 1 591 734 875 886
3592 4 2 0 1 374 352 354 635
3593 4 2 0 1 205 203 654 805
3594 4 2 0 1 154 148 150 891
3595 4 2 0 1 436 434 414 821
3596 4 2 0 1 71 50 51 877
3597 4 2 0 1 458 451 438 829
3598 4 2 0 1 250 271 766 788
3599 4 2 0 1 203 654 805 806
3600 4 2 0 1 354 635 347 858
3601 4 2 0 1 155 156 176 890
3602 4 2 0 1 431 739 410 869
3603 4 2 0 1 569 652 681 787
3604 4 2 0 1 454 477 475 620
3605 4 2 0 1 557 780 596 885
3606 4 2 0 1 352 347 354 635
3607 4 2 0 1 355 353 333 637
3608 4 2 0 1 82 685 84 808
3609 4 2 0 1 261 260 255 607
3610 4 2 0 1 355 377 375 637
3611 4 2 0 1 561 801 816 862
3612 4 2 0 1 294 287 275 810
3613 4 2 0 1 324 720 681 729
3614 4 2 0 1 464 768 466 776
3615 4 2 0 1 459 496 457 753
3616 4 2 0 1 400 378 495 759
3617 4 2 0 1 570 829 660 881
3618 4 2 0 1 313 487 315 853
3619 4 2 0 1 449 427 660 798
3620 4 2 0 1 248 522 250 766
3621 4 2 0 1 205 654 183 890
3622 4 2 0 1 450 497 457 753
3623 4 2 0 1 105 103 83 758
3624 4 2 0 1 592 731 765 821
3625 4 2 0 1 384 821 406 848
3626 4 2 0 1 576 732 616 802
3627 4 2 0 1 340 318 319 844
3628 4 2 0 1 669 745 284 746
3629 4 2 0 1 285 716 715 810
3630 4 2 0 1 130 110 111 780
3631 4 2 0 1 317 492 315 720
3632 4 2 0 1 475 453 454 620
3633 4 2 0 1 238 540 236 677
3634 4 2 0 1 400 495 402 759
3635 4 2 0 1 184 178 180 890
3636 4 2 0 1 293 286 710 746
3637 4 2 0 1 355 377 637 821
3638 4 2 0 1 256 262 259 786
3639 4 2 0 1 354 376 374 635
3640 4 2 0 1 367 732 364 775
3641 4 2 0 1 233 255 520 833
3642 4 2 0 1 73 71 51 877
3643 4 2 0 1 37 34 4 740
3644 4 2 0 1 562 752 186 837
3645 4 2 0 1 344 729 493 730
3646 4 2 0 1 335 770 769 858
3647 4 2 0 1 411 405 641 869
3648 4 2 0 1 456 503 449 818
3649 4 2 0 1 218 199 220 847
3650 4 2 0 1 224 521 226 833
3651 4 2 0 1 269 766 671 814
3652 4 2 0 1 404 409 408 848
3653 4 2 0 1 432 434 440 797
3654 4 2 0 1 425 444 437 646
3655 4 2 0 1 425 446 444 646
3656 4 2 0 1 132 130 111 780
3657 4 2 0 1 224 520 756 833
3658 4 2 0 1 433 411 634 869
3659 4 2 0 1 141 679 140 780
3660 4 2 0 1 112 109 105 758
3661 4 2 0 1 296 294 275 810
3662 4 2 0 1 96 118 116 781
3663 4 2 0 1 442 738 501 824
3664 4 2 0 1 355 357 377 821
3665 4 2 0 1 197 526 204 872
3666 4 2 0 1 154 150 157 891
3667 4 2 0 1 4 1 484 851
3668 4 2 0 1 169 163 679 793
3669 4 2 0 1 4 740 3 851
3670 4 2 0 1 278 271 258 653
3671 4 2 0 1 258 280 278 653
3672 4 2 0 1 44 46 51 767
3673 4 2 0 1 663 882 741 883
3674 4 2 0 1 333 346 326 681
3675 4 2 0 1 4 34 3 740
3676 4 2 0 1 414 434 412 821
3677 4 2 0 1 438 460 458 829
3678 4 2 0 1 204 526 206 872
3679 4 2 0 1 728 764 298 845
3680 4 2 0 1 352 635 873 879
3681 4 2 0 1 717 875 734 886
3682 4 2 0 1 260 607 689 756
3683 4 2 0 1 159 152 538 631
3684 4 2 0 1 579 689 857 884
3685 4 2 0 1 288 689 747 782
3686 4 2 0 1 90 97 483 757
3687 4 2 0 1 254 256 259 786
3688 4 2 0 1 48 533 61 812
3689 4 2 0 1 169 694 791 793
3690 4 2 0 1 461 626 440 797
3691 4 2 0 1 540 236 677 839
3692 4 2 0 1 324 492 317 720
3693 4 2 0 1 227 234 805 839
3694 4 2 0 1 551 754 880 889
3695 4 2 0 1 53 51 46 767
3696 4 2 0 1 236 536 238 677
3697 4 2 0 1 398 547 395 702
3698 4 2 0 1 410 739 403 869
3699 4 2 0 1 632 816 801 862
3700 4 2 0 1 346 333 353 637
3701 4 2 0 1 375 353 355 637
3702 4 2 0 1 306 656 328 787
3703 4 2 0 1 417 437 415 771
3704 4 2 0 1 417 425 437 771
3705 4 2 0 1 81 83 103 758
3706 4 2 0 1 378 759 400 760
3707 4 2 0 1 271 653 278 845
3708 4 2 0 1 271 671 269 766
3709 4 2 0 1 379 495 378 759
3710 4 2 0 1 596 792 557 861
3711 4 2 0 1 392 683 370 834
3712 4 2 0 1 211 835 189 847
3713 4 2 0 1 657 730 319 844
3714 4 2 0 1 266 652 710 809
3715 4 2 0 1 316 294 296 728
3716 4 2 0 1 260 253 607 756
3717 4 2 0 1 338 662 336 769
3718 4 2 0 1 474 467 455 614
3719 4 2 0 1 431 410 411 869
3720 4 2 0 1 373 674 375 763
3721 4 2 0 1 677 701 603 889
3722 4 2 0 1 765 796 622 831
3723 4 2 0 1 211 199 218 847
3724 4 2 0 1 475 546 473 675
3725 4 2 0 1 648 850 649 865
3726 4 2 0 1 241 239 219 542
3727 4 2 0 1 204 833 794 872
3728 4 2 0 1 109 103 105 758
3729 4 2 0 1 402 404 408 848
3730 4 2 0 1 462 502 464 776
3731 4 2 0 1 566 772 825 854
3732 4 2 0 1 289 716 312 747
3733 4 2 0 1 235 237 257 815
3734 4 2 0 1 356 335 336 858
3735 4 2 0 1 336 358 356 858
3736 4 2 0 1 215 705 804 839
3737 4 2 0 1 171 191 189 847
3738 4 2 0 1 459 457 497 753
3739 4 2 0 1 367 389 387 732
3740 4 2 0 1 387 364 367 732
3741 4 2 0 1 433 411 413 634
3742 4 2 0 1 343 711 321 879
3743 4 2 0 1 202 756 195 794
3744 4 2 0 1 140 631 152 780
3745 4 2 0 1 226 521 204 833
3746 4 2 0 1 159 631 790 891
3747 4 2 0 1 140 679 631 780
3748 4 2 0 1 234 701 256 786
3749 4 2 0 1 360 364 358 775
3750 4 2 0 1 367 364 360 775
3751 4 2 0 1 326 346 324 681
3752 4 2 0 1 348 341 343 834
3753 4 2 0 1 49 533 48 779
3754 4 2 0 1 91 530 89 838
3755 4 2 0 1 195 198 193 756
3756 4 2 0 1 236 536 677 839
3757 4 2 0 1 48 70 68 533
3758 4 2 0 1 126 120 122 523
3759 4 2 0 1 156 155 149 537
3760 4 2 0 1 215 227 207 541
3761 4 2 0 1 257 245 263 507
3762 4 2 0 1 286 284 264 488
3763 4 2 0 1 236 234 215 536
3764 4 2 0 1 344 342 322 490
3765 4 2 0 1 349 352 372 506
3766 4 2 0 1 402 400 379 495
3767 4 2 0 1 459 457 452 497
3768 4 2 0 1 459 481 479 496
3769 4 2 0 1 296 303 316 728
3770 4 2 0 1 226 213 233 833
3771 4 2 0 1 433 431 411 869
3772 4 2 0 1 417 395 547 771
3773 4 2 0 1 675 840 768 887
3774 4 2 0 1 177 154 157 837
3775 4 2 0 1 276 764 511 845
3776 4 2 0 1 151 537 149 850
3777 4 2 0 1 91 78 838 877
3778 4 2 0 1 413 435 433 634
3779 4 2 0 1 286 284 745 746
3780 4 2 0 1 439 460 438 762
3781 4 2 0 1 227 205 705 805
3782 4 2 0 1 410 403 405 869
3783 4 2 0 1 306 299 656 787
3784 4 2 0 1 394 415 491 807
3785 4 2 0 1 476 474 455 614
3786 4 2 0 1 169 524 163 793
3787 4 2 0 1 256 234 540 701
3788 4 2 0 1 149 534 151 850
3789 4 2 0 1 575 607 689 884
3790 4 2 0 1 185 186 526 837
3791 4 2 0 1 15 19 16 826
3792 4 2 0 1 325 510 347 770
3793 4 2 0 1 360 362 732 802
3794 4 2 0 1 223 225 805 806
3795 4 2 0 1 127 649 534 865
3796 4 2 0 1 551 880 830 889
3797 4 2 0 1 236 234 536 839
3798 4 2 0 1 197 527 185 872
3799 4 2 0 1 257 237 245 815
3800 4 2 0 1 191 199 211 847
3801 4 2 0 1 404 384 406 848
3802 4 2 0 1 466 473 471 776
3803 4 2 0 1 471 464 466 776
3804 4 2 0 1 179 790 562 837
3805 4 2 0 1 361 683 368 783
3806 4 2 0 1 369 350 371 802
3807 4 2 0 1 579 857 556 884
3808 4 2 0 1 376 354 356 858
3809 4 2 0 1 346 324 681 729
3810 4 2 0 1 184 804 207 890
3811 4 2 0 1 313 657 319 844
3812 4 2 0 1 182 171 189 847
3813 4 2 0 1 394 389 395 702
3814 4 2 0 1 439 462 460 762
3815 4 2 0 1 411 410 405 869
3816 4 2 0 1 631 679 596 780
3817 4 2 0 1 202 198 195 756
3818 4 2 0 1 134 141 140 780
3819 4 2 0 1 132 134 140 780
3820 4 2 0 1 157 179 177 837
3821 4 2 0 1 349 348 343 834
3822 4 2 0 1 262 701 264 745
3823 4 2 0 1 68 61 48 533
3824 4 2 0 1 264 284 262 488
3825 4 2 0 1 319 322 342 490
3826 4 2 0 1 205 207 227 541
3827 4 2 0 1 379 400 378 495
3828 4 2 0 1 122 128 126 523
3829 4 2 0 1 265 263 245 507
3830 4 2 0 1 452 457 450 497
3831 4 2 0 1 479 457 459 496
3832 4 2 0 1 374 372 352 506
3833 4 2 0 1 292 312 289 716
3834 4 2 0 1 449 427 429 660
3835 4 2 0 1 235 233 213 833
3836 4 2 0 1 363 376 356 858
3837 4 2 0 1 19 20 16 826
3838 4 2 0 1 158 180 178 686
3839 4 2 0 1 239 670 246 815
3840 4 2 0 1 280 300 278 845
3841 4 2 0 1 302 300 280 845
3842 4 2 0 1 247 244 240 809
3843 4 2 0 1 82 75 77 685
3844 4 2 0 1 77 84 82 685
3845 4 2 0 1 186 179 562 837
3846 4 2 0 1 670 766 246 814
3847 4 2 0 1 141 143 163 679
3848 4 2 0 1 163 143 165 679
3849 4 2 0 1 268 652 266 809
3850 4 2 0 1 318 313 319 844
3851 4 2 0 1 342 350 362 802
3852 4 2 0 1 70 72 535 779
3853 4 2 0 1 319 490 342 730
3854 4 2 0 1 43 49 48 779
3855 4 2 0 1 127 108 129 649
3856 4 2 0 1 195 521 202 794
3857 4 2 0 1 362 350 369 802
3858 4 2 0 1 447 455 467 614
3859 4 2 0 1 216 215 541 804
3860 4 2 0 1 254 252 232 786
3861 4 2 0 1 557 631 596 780
3862 4 2 0 1 296 486 298 764
3863 4 2 0 1 277 299 297 787
3864 4 2 0 1 330 519 337 782
3865 4 2 0 1 607 857 689 884
3866 4 2 0 1 253 231 520 756
3867 4 2 0 1 211 189 191 847
3868 4 2 0 1 320 341 690 711
3869 4 2 0 1 406 821 412 848
3870 4 2 0 1 451 660 429 829
3871 4 2 0 1 314 320 312 711
3872 4 2 0 1 183 774 176 890
3873 4 2 0 1 378 400 398 760
3874 4 2 0 1 265 263 715 810
3875 4 2 0 1 451 456 449 818
3876 4 2 0 1 437 646 444 824
3877 4 2 0 1 208 186 562 752
3878 4 2 0 1 329 327 509 769
3879 4 2 0 1 331 336 329 769
3880 4 2 0 1 338 336 331 769
3881 4 2 0 1 232 252 229 786
3882 4 2 0 1 382 384 404 848
3883 4 2 0 1 379 495 759 763
3884 4 2 0 1 416 396 505 799
3885 4 2 0 1 12 11 15 826
3886 4 2 0 1 209 541 207 804
3887 4 2 0 1 575 794 756 833
3888 4 2 0 1 311 313 318 844
3889 4 2 0 1 340 342 362 802
3890 4 2 0 1 333 328 334 787
3891 4 2 0 1 388 688 390 799
3892 4 2 0 1 246 512 245 815
3893 4 2 0 1 185 526 197 872
3894 4 2 0 1 394 498 387 785
3895 4 2 0 1 197 521 195 794
3896 4 2 0 1 292 314 312 716
3897 4 2 0 1 451 449 429 660
3898 4 2 0 1 374 506 352 873
3899 4 2 0 1 178 156 158 686
3900 4 2 0 1 262 284 282 669
3901 4 2 0 1 412 434 432 848
3902 4 2 0 1 603 701 677 839
3903 4 2 0 1 575 689 607 756
3904 4 2 0 1 240 244 238 809
3905 4 2 0 1 398 391 378 760
3906 4 2 0 1 273 488 266 710
3907 4 2 0 1 344 490 729 730
3908 4 2 0 1 159 790 157 891
3909 4 2 0 1 342 490 344 730
3910 4 2 0 1 363 358 364 775
3911 4 2 0 1 262 284 669 745
3912 4 2 0 1 267 512 766 814
3913 4 2 0 1 48 41 43 779
3914 4 2 0 1 159 545 161 790
3915 4 2 0 1 216 536 215 804
3916 4 2 0 1 121 108 127 649
3917 4 2 0 1 274 277 297 787
3918 4 2 0 1 104 82 84 808
3919 4 2 0 1 104 84 106 808
3920 4 2 0 1 239 241 522 876
3921 4 2 0 1 213 206 208 752
3922 4 2 0 1 752 837 639 872
3923 4 2 0 1 368 518 390 688
3924 4 2 0 1 325 327 510 770
3925 4 2 0 1 349 506 348 834
3926 4 2 0 1 184 207 205 890
3927 4 2 0 1 239 542 241 876
3928 4 2 0 1 430 428 408 709
3929 4 2 0 1 183 196 176 774
3930 4 2 0 1 132 152 130 780
3931 4 2 0 1 314 321 320 711
3932 4 2 0 1 15 16 12 826
3933 4 2 0 1 456 458 478 818
3934 4 2 0 1 361 348 368 683
3935 4 2 0 1 286 488 273 710
3936 4 2 0 1 458 456 451 818
3937 4 2 0 1 282 259 262 669
3938 4 2 0 1 424 445 423 799
3939 4 2 0 1 96 781 89 838
3940 4 2 0 1 347 770 335 858
3941 4 2 0 1 328 333 326 787
3942 4 2 0 1 121 649 127 865
3943 4 2 0 1 132 140 152 780
3944 4 2 0 1 303 508 304 728
3945 4 2 0 1 341 320 321 711
3946 4 2 0 1 197 204 521 794
3947 4 2 0 1 404 495 382 763
3948 4 2 0 1 82 75 685 813
3949 4 2 0 1 187 209 207 804
3950 4 2 0 1 70 533 72 779
3951 4 2 0 1 97 119 117 757
3952 4 2 0 1 176 196 174 774
3953 4 2 0 1 94 483 97 757
3954 4 2 0 1 432 409 412 848
3955 4 2 0 1 213 208 214 752
3956 4 2 0 1 335 347 510 770
3957 4 2 0 1 227 705 215 839
3958 4 2 0 1 372 506 374 873
3959 4 2 0 1 184 205 183 890
3960 4 2 0 1 366 386 384 821
3961 4 2 0 1 408 428 421 709
3962 4 2 0 1 187 209 804 835
3963 4 2 0 1 234 256 254 786
3964 4 2 0 1 412 393 414 821
3965 4 2 0 1 289 283 716 747
3966 4 2 0 1 61 724 39 812
3967 4 2 0 1 61 59 39 724
3968 4 2 0 1 186 562 179 790
3969 4 2 0 1 480 478 458 818
3970 4 2 0 1 424 447 445 799
3971 4 2 0 1 166 153 173 794
3972 4 2 0 1 94 97 117 757
3973 4 2 0 1 432 440 452 626
3974 4 2 0 1 293 291 746 853
3975 4 2 0 1 362 369 732 802
3976 4 2 0 1 234 232 227 805
3977 4 2 0 1 326 681 305 787
3978 4 2 0 1 348 370 368 683
3979 4 2 0 1 209 216 804 835
3980 4 2 0 1 296 275 486 764
3981 4 2 0 1 69 91 838 877
3982 4 2 0 1 339 519 690 783
3983 4 2 0 1 210 562 188 595
3984 4 2 0 1 254 232 234 786
3985 4 2 0 1 343 341 321 711
3986 4 2 0 1 211 218 216 835
3987 4 2 0 1 282 290 302 727
3988 4 2 0 1 59 37 39 724
3989 4 2 0 1 163 538 141 679
3990 4 2 0 1 184 187 207 804
3991 4 2 0 1 140 141 538 679
3992 4 2 0 1 236 540 234 839
3993 4 2 0 1 188 562 186 790
3994 4 2 0 1 379 759 373 763
3995 4 2 0 1 177 179 527 837
3996 4 2 0 1 384 377 366 821
3997 4 2 0 1 216 541 209 804
3998 4 2 0 1 210 188 190 595
3999 4 2 0 1 579 782 688 783
4000 4 2 0 1 282 302 280 727
4001 4 2 0 1 1 546 477 851
4002 4 2 0 1 406 393 412 821
4003 4 2 0 1 89 67 69 838
4004 4 2 0 1 256 540 243 701
4005 4 2 0 1 225 227 232 805
4006 4 2 0 1 326 324 305 681
4007 4 2 0 1 400 421 419 760
4008 4 2 0 1 276 511 278 845
4009 4 2 0 1 190 212 210 595
4010 4 2 0 1 575 756 607 833
4011 4 2 0 1 396 388 390 799
4012 4 2 0 1 128 122 110 828
4013 4 2 0 1 452 430 432 626
4014 4 2 0 1 173 153 175 794
4015 4 2 0 1 203 805 225 806
4016 4 2 0 1 336 510 329 769
4017 4 2 0 1 223 203 225 806
4018 4 2 0 1 344 346 493 729
4019 4 2 0 1 344 490 346 729
4020 4 2 0 1 422 410 499 739
4021 4 2 0 1 379 378 373 759
4022 4 2 0 1 182 189 187 835
4023 4 2 0 1 247 268 266 809
4024 4 2 0 1 209 211 216 835
4025 4 2 0 1 419 398 400 760
4026 4 2 0 1 203 223 201 806
4027 4 2 0 1 373 353 375 674
4028 4 2 0 1 346 490 324 729
4029 4 2 0 1 48 61 41 812
4030 4 2 0 1 393 406 386 821
4031 4 2 0 1 49 72 533 779
4032 4 2 0 1 444 738 442 824
4033 4 2 0 1 188 208 186 562
4034 4 2 0 1 332 310 516 690
4035 4 2 0 1 273 266 652 710
4036 4 2 0 1 130 128 110 828
4037 4 2 0 1 335 510 336 769
4038 4 2 0 1 273 295 293 710
4039 4 2 0 1 69 91 89 838
4040 4 2 0 1 469 468 463 797
4041 4 2 0 1 69 71 91 877
4042 4 2 0 1 361 339 517 783
4043 4 2 0 1 367 362 369 732
4044 4 2 0 1 305 324 317 681
4045 4 2 0 1 397 396 390 799
4046 4 2 0 1 308 301 288 782
4047 4 2 0 1 4 3 1 851
4048 4 2 0 1 596 679 631 792
4049 4 2 0 1 210 208 188 562
4050 4 2 0 1 293 291 286 746
4051 4 2 0 1 413 807 415 824
4052 4 2 0 1 121 127 124 865
4053 4 2 0 1 367 360 362 732
4054 4 2 0 1 147 124 865 866
4055 4 2 0 1 244 677 238 809
4056 4 2 0 1 373 378 371 759
4057 4 2 0 1 596 631 557 792
4058 4 2 0 1 512 246 766 814
4059 4 2 0 1 2 1 3 851
4060 4 2 0 1 285 715 263 810
4061 4 2 0 1 463 461 441 797
4062 4 2 0 1 149 534 850 865
4063 4 2 0 1 41 61 39 812
4064 4 2 0 1 384 386 406 821
4065 4 2 0 1 379 382 495 763
4066 4 2 0 1 278 300 486 845
4067 4 2 0 1 187 180 182 835
4068 4 2 0 1 247 266 244 809
4069 4 2 0 1 339 359 337 688
4070 4 2 0 1 351 353 373 674
4071 4 2 0 1 274 273 268 652
4072 4 2 0 1 298 486 300 845
4073 4 2 0 1 451 429 431 829
4074 4 2 0 1 486 764 276 845
4075 4 2 0 1 296 298 728 764
4076 4 2 0 1 91 71 78 877
4077 4 2 0 1 186 179 181 790
4078 4 2 0 1 37 4 10 484
4079 4 2 0 1 382 404 763 848
4080 4 2 0 1 306 305 299 787
4081 4 2 0 1 227 225 205 805
4082 4 2 0 1 147 145 124 866
4083 4 2 0 1 406 412 409 848
4084 4 2 0 1 293 286 273 710
4085 4 2 0 1 188 595 562 790
4086 4 2 0 1 361 368 688 783
4087 4 2 0 1 463 468 461 797
4088 4 2 0 1 306 328 326 787
4089 4 2 0 1 363 364 385 785
4090 4 2 0 1 385 364 387 785
4091 4 2 0 1 288 310 308 782
4092 4 2 0 1 324 317 681 720
4093 4 2 0 1 286 291 284 746
4094 4 2 0 1 343 321 323 879
4095 4 2 0 1 124 119 121 865
4096 4 2 0 1 274 297 652 787
4097 4 2 0 1 354 347 335 858
4098 4 2 0 1 361 688 339 783
4099 4 2 0 1 181 188 186 790
4100 4 2 0 1 265 285 263 810
4101 4 2 0 1 205 225 203 805
4102 4 2 0 1 145 123 124 866
4103 4 2 0 1 356 354 335 858
4104 4 2 0 1 431 438 451 829
4105 4 2 0 1 190 543 791 793
4106 4 2 0 1 441 461 440 797
4107 4 2 0 1 361 359 339 688
4108 4 2 0 1 273 266 268 652
4109 4 2 0 1 287 513 285 810
4110 4 2 0 1 313 315 657 853
4111 4 2 0 1 297 299 305 787
4112 4 2 0 1 329 510 327 769
4113 4 2 0 1 326 305 306 787
4114 4 2 0 1 175 197 794 872
4115 4 2 0 1 409 404 406 848
4116 4 2 0 1 243 264 262 701
4117 4 2 0 1 323 345 343 879
4118 4 2 0 1 413 491 415 807
4119 4 2 0 1 203 201 544 806
4120 4 2 0 1 332 320 339 690
4121 4 2 0 1 73 51 53 813
4122 4 2 0 1 297 305 489 787
4123 4 2 0 1 419 547 398 760
4124 4 2 0 1 265 287 285 810
4125 4 2 0 1 197 204 794 872
4126 4 2 0 1 288 289 310 747
4127 4 2 0 1 53 75 73 813
4128 4 2 0 1 389 369 391 732
4129 4 2 0 1 237 239 245 815
4130 4 2 0 1 413 415 435 824
4131 4 2 0 1 415 437 435 824
4132 4 2 0 1 276 275 511 764
4133 4 2 0 1 380 834 372 873
4134 4 2 0 1 269 267 766 814
4135 4 2 0 1 69 62 50 877
4136 4 2 0 1 367 369 389 732
4137 4 2 0 1 243 262 256 701
4138 4 2 0 1 368 388 365 688
4139 4 2 0 1 267 246 248 766
4140 4 2 0 1 73 75 531 813
4141 4 2 0 1 192 190 543 791
4142 4 2 0 1 422 401 403 739
4143 4 2 0 1 387 498 385 785
4144 4 2 0 1 176 174 155 774
4145 4 2 0 1 349 343 345 879
4146 4 2 0 1 245 239 246 815
4147 4 2 0 1 380 372 374 873
4148 4 2 0 1 269 267 248 766
4149 4 2 0 1 273 652 295 710
4150 4 2 0 1 217 219 239 876
4151 4 2 0 1 308 310 330 782
4152 4 2 0 1 320 341 339 690
4153 4 2 0 1 209 189 211 835
4154 4 2 0 1 310 289 312 747
4155 4 2 0 1 233 520 226 833
4156 4 2 0 1 167 155 174 774
4157 4 2 0 1 50 71 69 877
4158 4 2 0 1 370 348 506 834
4159 4 2 0 1 1 2 546 851
4160 4 2 0 1 403 410 422 739
4161 4 2 0 1 368 390 388 688
4162 4 2 0 1 365 359 361 688
4163 4 2 0 1 345 352 349 879
4164 4 2 0 1 372 370 506 834
4165 4 2 0 1 184 183 178 890
4166 4 2 0 1 374 381 380 873
4167 4 2 0 1 276 486 275 764
4168 4 2 0 1 372 834 506 873
4169 4 2 0 1 272 251 253 756
4170 4 2 0 1 462 464 470 776
4171 4 2 0 1 332 330 310 782
4172 4 2 0 1 188 181 168 595
4173 4 2 0 1 375 382 379 763
4174 4 2 0 1 187 189 209 835
4175 4 2 0 1 471 470 464 776
4176 4 2 0 1 190 188 168 595
4177 4 2 0 1 195 173 175 794
4178 4 2 0 1 361 368 365 688
4179 4 2 0 1 178 183 176 890
4180 4 2 0 1 224 520 231 756
4181 4 2 0 1 278 486 276 845
4182 4 2 0 1 370 683 348 834
4183 4 2 0 1 260 272 253 756
4184 4 2 0 1 274 297 295 652
4185 4 2 0 1 392 370 372 834
4186 4 2 0 1 190 791 595 793
4187 4 2 0 1 222 198 202 756
4188 4 2 0 1 379 373 375 763
4189 4 2 0 1 197 195 175 794
4190 4 2 0 1 248 246 522 766
4191 4 2 0 1 273 274 295 652
4192 4 2 0 1 202 224 222 756
4193 4 2 0 1 380 392 372 834
4194 4 2 0 1 190 168 543 793
4195 4 2 0 1 250 271 269 766
4196 4 2 0 1 269 248 250 766
4197 4 2 0 1 188 181 595 790
4198 4 2 0 1 437 501 435 824
4199 4 2 0 1 168 595 181 790
4200 4 2 0 1 332 310 690 782
4201 4 2 0 1 159 161 181 790
4202 4 2 0 1 251 230 231 756
4203 4 2 0 1 168 181 161 790
4204 4 2 0 1 222 224 230 756
4205 4 2 0 1 159 179 157 790
4206 4 2 0 1 159 181 179 790
4207 4 2 0 1 253 251 231 756
4208 4 2 0 1 224 231 230 756
4209 4 2 0 1 190 595 168 793
4210 4 2 0 1 168 524 169 793
4211 4 2 0 1 332 339 519 690
4212 4 2 0 1 168 169 543 793
4213 4 2 0 1 260 281 279 515
4214 4 2 0 1 435 442 439 501
4215 4 2 0 1 456 478 476 503
4216 4 2 0 1 464 442 444 502
4217 4 2 0 1 442 435 437 501
4218 4 2 0 1 21 18 17 485
4219 4 2 0 1 21 22 18 485
4220 4 2 0 1 298 278 300 486
4221 4 2 0 1 276 278 298 486
4222 4 2 0 1 422 410 429 499
4223 4 2 0 1 111 106 113 532
4224 4 2 0 1 12 8 11 500
4225 4 2 0 1 120 118 98 529
4226 4 2 0 1 236 238 243 540
4227 4 2 0 1 295 297 317 489
4228 4 2 0 1 276 296 275 486
4229 4 2 0 1 305 317 297 489
4230 4 2 0 1 196 183 203 544
4231 4 2 0 1 273 286 266 488
4232 4 2 0 1 344 324 346 490
4233 4 2 0 1 402 379 382 495
4234 4 2 0 1 378 391 371 494
4235 4 2 0 1 266 286 264 488
4236 4 2 0 1 413 411 407 491
4237 4 2 0 1 407 394 413 491
4238 4 2 0 1 344 322 324 490
4239 4 2 0 1 371 391 369 494
4240 4 2 0 1 304 307 327 509
4241 4 2 0 1 344 346 351 493
4242 4 2 0 1 481 459 461 496
4243 4 2 0 1 394 415 413 491
4244 4 2 0 1 78 73 79 531
4245 4 2 0 1 468 481 461 496
4246 4 2 0 1 253 233 255 520
4247 4 2 0 1 392 399 397 518
4248 4 2 0 1 452 440 459 497
4249 4 2 0 1 405 383 385 498
4250 4 2 0 1 385 387 407 498
4251 4 2 0 1 407 405 385 498
4252 4 2 0 1 459 440 461 497
4253 4 2 0 1 387 394 407 498
4254 4 2 0 1 466 464 444 502
4255 4 2 0 1 442 462 439 502
4256 4 2 0 1 90 97 94 483
4257 4 2 0 1 315 317 322 492
4258 4 2 0 1 404 402 382 495
4259 4 2 0 1 11 8 5 500
4260 4 2 0 1 449 456 455 503
4261 4 2 0 1 317 324 322 492
4262 4 2 0 1 464 462 442 502
4263 4 2 0 1 447 449 455 503
4264 4 2 0 1 455 456 476 503
4265 4 2 0 1 433 435 439 501
4266 4 2 0 1 248 228 250 522
4267 4 2 0 1 88 90 94 483
4268 4 2 0 1 118 137 116 528
4269 4 2 0 1 11 5 480 500
4270 4 2 0 1 420 427 424 504
4271 4 2 0 1 420 424 418 504
4272 4 2 0 1 257 261 255 507
4273 4 2 0 1 396 397 416 505
4274 4 2 0 1 397 418 416 505
4275 4 2 0 1 372 370 349 506
4276 4 2 0 1 349 370 348 506
4277 4 2 0 1 332 337 330 519
4278 4 2 0 1 153 166 146 528
4279 4 2 0 1 71 73 78 531
4280 4 2 0 1 298 304 303 508
4281 4 2 0 1 263 261 257 507
4282 4 2 0 1 336 335 329 510
4283 4 2 0 1 307 304 300 508
4284 4 2 0 1 327 329 335 510
4285 4 2 0 1 329 327 307 509
4286 4 2 0 1 429 427 422 499
4287 4 2 0 1 269 276 275 511
4288 4 2 0 1 267 269 275 511
4289 4 2 0 1 315 313 293 487
4290 4 2 0 1 265 245 246 512
4291 4 2 0 1 246 267 265 512
4292 4 2 0 1 292 289 285 513
4293 4 2 0 1 293 313 291 487
4294 4 2 0 1 295 315 293 487
4295 4 2 0 1 288 281 283 514
4296 4 2 0 1 204 224 202 521
4297 4 2 0 1 285 287 292 513
4298 4 2 0 1 96 89 91 530
4299 4 2 0 1 243 256 236 540
4300 4 2 0 1 300 304 298 508
4301 4 2 0 1 320 332 312 516
4302 4 2 0 1 405 407 411 491
4303 4 2 0 1 279 272 260 515
4304 4 2 0 1 339 337 332 519
4305 4 2 0 1 310 312 332 516
4306 4 2 0 1 224 226 231 520
4307 4 2 0 1 339 341 361 517
4308 4 2 0 1 341 348 361 517
4309 4 2 0 1 370 390 368 518
4310 4 2 0 1 226 233 231 520
4311 4 2 0 1 392 390 370 518
4312 4 2 0 1 78 100 98 530
4313 4 2 0 1 248 241 228 522
4314 4 2 0 1 226 224 204 521
4315 4 2 0 1 152 140 159 538
4316 4 2 0 1 197 204 202 521
4317 4 2 0 1 197 202 195 521
4318 4 2 0 1 166 144 146 528
4319 4 2 0 1 246 241 248 522
4320 4 2 0 1 190 169 192 543
4321 4 2 0 1 185 197 177 527
4322 4 2 0 1 168 169 190 543
4323 4 2 0 1 126 125 120 523
4324 4 2 0 1 206 186 208 526
4325 4 2 0 1 120 125 118 523
4326 4 2 0 1 196 203 201 544
4327 4 2 0 1 217 214 210 525
4328 4 2 0 1 151 149 129 534
4329 4 2 0 1 136 143 141 539
4330 4 2 0 1 206 185 186 526
4331 4 2 0 1 206 204 185 526
4332 4 2 0 1 304 327 325 509
4333 4 2 0 1 125 137 118 528
4334 4 2 0 1 185 204 197 526
4335 4 2 0 1 144 137 125 528
4336 4 2 0 1 179 185 177 527
4337 4 2 0 1 473 475 27 546
4338 4 2 0 1 120 98 100 529
4339 4 2 0 1 125 146 144 528
4340 4 2 0 1 239 241 246 522
4341 4 2 0 1 122 120 100 529
4342 4 2 0 1 98 118 96 529
4343 4 2 0 1 72 70 49 533
4344 4 2 0 1 91 78 98 530
4345 4 2 0 1 168 163 169 524
4346 4 2 0 1 91 98 96 530
4347 4 2 0 1 168 161 163 524
4348 4 2 0 1 231 233 253 520
4349 4 2 0 1 210 214 208 525
4350 4 2 0 1 175 177 197 527
4351 4 2 0 1 276 269 271 511
4352 4 2 0 1 73 75 79 531
4353 4 2 0 1 271 278 276 511
4354 4 2 0 1 49 70 48 533
4355 4 2 0 1 149 127 129 534
4356 4 2 0 1 216 238 236 536
4357 4 2 0 1 298 296 276 486
4358 4 2 0 1 216 236 215 536
4359 4 2 0 1 4 9 10 484
4360 4 2 0 1 1 9 4 484
4361 4 2 0 1 2 477 1 546
4362 4 2 0 1 93 88 94 483
4363 4 2 0 1 92 90 70 535
4364 4 2 0 1 18 22 43 485
4365 4 2 0 1 70 72 92 535
4366 4 2 0 1 123 143 136 539
4367 4 2 0 1 141 134 136 539
4368 4 2 0 1 212 217 210 525
4369 4 2 0 1 236 256 234 540
4370 4 2 0 1 86 88 93 483
4371 4 2 0 1 303 304 325 509
4372 4 2 0 1 317 315 295 487
4373 4 2 0 1 219 221 241 542
4374 4 2 0 1 241 221 228 542
4375 4 2 0 1 390 392 397 518
4376 4 2 0 1 156 149 151 537
4377 4 2 0 1 207 209 215 541
4378 4 2 0 1 216 215 209 541
4379 4 2 0 1 203 183 205 544
4380 4 2 0 1 2 27 475 546
4381 4 2 0 1 2 475 477 546
4382 4 2 0 1 70 90 68 535
4383 4 2 0 1 327 347 325 510
4384 4 2 0 1 219 217 212 525
4385 4 2 0 1 335 347 327 510
4386 4 2 0 1 398 419 417 547
4387 4 2 0 1 398 417 395 547
4388 4 2 0 1 369 494 391 732
4389 4 2 0 1 753 859 709 566
4390 4 2 0 1 709 859 753 645
4391 4 2 0 1 808 532 644 113
4392 4 2 0 1 808 644 532 780
4393 4 2 0 1 644 532 134 113
4394 4 2 0 1 644 134 532 780
4395 4 2 0 1 134 532 132 113
4396 4 2 0 1 134 132 532 780
4397 4 2 0 1 132 532 111 113
4398 4 2 0 1 132 111 532 780
4399 4 2 0 1 734 855 875 598
4400 4 2 0 1 734 875 855 591
4401 4 2 0 1 713 875 855 598
4402 4 2 0 1 713 855 875 591
4403 4 2 0 1 857 638 743 584
4404 4 2 0 1 857 743 638 550
4405 4 2 0 1 805 830 705 603
4406 4 2 0 1 705 830 805 654
4407 4 2 0 1 557 684 661 596
4408 4 2 0 1 557 661 684 795
4409 4 2 0 1 614 629 7 573
4410 4 2 0 1 153 650 166 528
4411 4 2 0 1 153 166 650 794
4412 4 2 0 1 798 799 518 600
4413 4 2 0 1 337 651 688 359
4414 4 2 0 1 688 651 337 782
4415 4 2 0 1 781 548 528 650
4416 4 2 0 1 153 548 528 146
4417 4 2 0 1 153 528 548 650
4418 4 2 0 1 787 809 569 652
4419 4 2 0 1 569 809 787 601
4420 4 2 0 1 850 559 647 686
4421 4 2 0 1 850 647 559 649
4422 4 2 0 1 799 573 651 751
4423 4 2 0 1 799 651 573 614
4424 4 2 0 1 872 667 213 833
4425 4 2 0 1 872 213 667 752
4426 4 2 0 1 799 573 798 614
4427 4 2 0 1 799 798 573 600
4428 4 2 0 1 817 635 636 554
4429 4 2 0 1 636 635 817 617
4430 4 2 0 1 636 800 817 554
4431 4 2 0 1 817 800 636 617
4432 4 2 0 1 870 692 697 628
4433 4 2 0 1 870 697 692 559
4434 4 2 0 1 555 825 749 619
4435 4 2 0 1 555 749 825 704
4436 4 2 0 1 623 749 825 619
4437 4 2 0 1 623 825 749 704
4438 4 2 0 1 838 60 698 67
4439 4 2 0 1 838 698 60 602
4440 4 2 0 1 562 736 525 627
4441 4 2 0 1 212 525 736 627
4442 4 2 0 1 834 401 800 380
4443 4 2 0 1 834 800 401 600
4444 4 2 0 1 651 193 650 170
4445 4 2 0 1 651 650 193 756
4446 4 2 0 1 794 193 650 756
4447 4 2 0 1 323 879 316 672
4448 4 2 0 1 323 316 879 321
4449 4 2 0 1 314 316 879 672
4450 4 2 0 1 314 879 316 321
4451 4 2 0 1 771 761 859 593
4452 4 2 0 1 771 646 859 645
4453 4 2 0 1 859 646 771 593
4454 4 2 0 1 481 854 9 479
4455 4 2 0 1 9 854 481 625
4456 4 2 0 1 18 485 625 17
4457 4 2 0 1 797 625 485 17
4458 4 2 0 1 797 485 625 624
4459 4 2 0 1 712 775 662 585
4460 4 2 0 1 662 775 712 576
4461 4 2 0 1 545 163 141 161
4462 4 2 0 1 545 141 163 538
4463 4 2 0 1 140 545 141 161
4464 4 2 0 1 140 141 545 538
4465 4 2 0 1 159 545 140 161
4466 4 2 0 1 159 140 545 538
4467 4 2 0 1 756 651 515 272
4468 4 2 0 1 756 515 651 689
4469 4 2 0 1 279 515 651 272
4470 4 2 0 1 758 707 860 572
4471 4 2 0 1 758 860 707 613
4472 4 2 0 1 768 502 776 464
4473 4 2 0 1 768 776 502 738
4474 4 2 0 1 746 710 574 745
4475 4 2 0 1 746 574 710 587
4476 4 2 0 1 724 10 37 39
4477 4 2 0 1 724 37 10 484
4478 4 2 0 1 43 485 714 18
4479 4 2 0 1 43 714 485 624
4480 4 2 0 1 625 714 485 18
4481 4 2 0 1 625 485 714 624
4482 4 2 0 1 803 563 602 750
4483 4 2 0 1 803 602 563 680
4484 4 2 0 1 815 512 265 814
4485 4 2 0 1 815 265 512 245
4486 4 2 0 1 683 834 518 600
4487 4 2 0 1 683 518 834 392
4488 4 2 0 1 399 518 834 600
4489 4 2 0 1 399 834 518 392
4490 4 2 0 1 758 131 613 647
4491 4 2 0 1 758 613 131 109
4492 4 2 0 1 129 613 131 647
4493 4 2 0 1 129 131 613 109
4494 4 2 0 1 564 619 737 772
4495 4 2 0 1 737 619 564 863
4496 4 2 0 1 701 710 809 243
4497 4 2 0 1 809 710 701 574
4498 4 2 0 1 813 640 563 767
4499 4 2 0 1 813 563 640 685
4500 4 2 0 1 175 527 639 177
4501 4 2 0 1 175 639 527 872
4502 4 2 0 1 837 639 527 177
4503 4 2 0 1 837 527 639 872
4504 4 2 0 1 710 853 295 293
4505 4 2 0 1 295 853 710 587
4506 4 2 0 1 625 496 854 481
4507 4 2 0 1 625 854 496 753
4508 4 2 0 1 479 854 496 481
4509 4 2 0 1 479 496 854 753
4510 4 2 0 1 418 504 399 420
4511 4 2 0 1 399 504 660 420
4512 4 2 0 1 399 660 504 798
4513 4 2 0 1 660 504 427 420
4514 4 2 0 1 660 427 504 798
4515 4 2 0 1 782 651 515 689
4516 4 2 0 1 495 759 599 402
4517 4 2 0 1 599 759 495 763
4518 4 2 0 1 495 599 848 402
4519 4 2 0 1 848 599 495 763
4520 4 2 0 1 495 848 404 402
4521 4 2 0 1 404 848 495 763
4522 4 2 0 1 850 158 156 686
4523 4 2 0 1 732 494 802 369
4524 4 2 0 1 732 802 494 616
4525 4 2 0 1 371 802 494 369
4526 4 2 0 1 371 494 802 616
4527 4 2 0 1 163 545 524 161
4528 4 2 0 1 163 524 545 793
4529 4 2 0 1 790 524 545 161
4530 4 2 0 1 790 545 524 793
4531 4 2 0 1 701 710 745 574
4532 4 2 0 1 745 710 701 264
4533 4 2 0 1 615 757 644 117
4534 4 2 0 1 615 644 757 725
4535 4 2 0 1 115 644 757 117
4536 4 2 0 1 115 757 644 725
4537 4 2 0 1 851 854 772 620
4538 4 2 0 1 772 854 851 610
4539 4 2 0 1 762 869 433 634
4540 4 2 0 1 433 869 762 829
4541 4 2 0 1 870 678 588 697
4542 4 2 0 1 870 588 678 707
4543 4 2 0 1 498 785 383 385
4544 4 2 0 1 383 785 498 641
4545 4 2 0 1 847 731 572 758
4546 4 2 0 1 847 572 731 656
4547 4 2 0 1 887 571 840 768
4548 4 2 0 1 887 840 571 713
4549 4 2 0 1 624 22 43 45
4550 4 2 0 1 624 43 22 485
4551 4 2 0 1 173 166 650 170
4552 4 2 0 1 650 166 173 794
4553 4 2 0 1 650 193 173 170
4554 4 2 0 1 173 193 650 794
4555 4 2 0 1 882 588 590 663
4556 4 2 0 1 882 590 588 749
4557 4 2 0 1 776 460 762 612
4558 4 2 0 1 776 762 460 462
4559 4 2 0 1 818 5 480 478
4560 4 2 0 1 818 480 5 500
4561 4 2 0 1 366 821 731 386
4562 4 2 0 1 731 32 366 386
4563 4 2 0 1 835 240 847 218
4564 4 2 0 1 835 847 240 601
4565 4 2 0 1 255 520 607 253
4566 4 2 0 1 255 607 520 833
4567 4 2 0 1 756 607 520 253
4568 4 2 0 1 756 520 607 833
4569 4 2 0 1 759 400 421 402
4570 4 2 0 1 421 408 759 402
4571 4 2 0 1 759 408 421 709
4572 4 2 0 1 809 569 722 754
4573 4 2 0 1 809 722 569 652
4574 4 2 0 1 779 92 72 535
4575 4 2 0 1 779 72 92 80
4576 4 2 0 1 877 50 42 62
4577 4 2 0 1 42 50 877 721
4578 4 2 0 1 42 40 877 62
4579 4 2 0 1 877 40 42 721
4580 4 2 0 1 617 636 834 800
4581 4 2 0 1 834 636 617 873
4582 4 2 0 1 815 214 876 627
4583 4 2 0 1 525 214 876 217
4584 4 2 0 1 525 876 214 627
4585 4 2 0 1 844 313 746 311
4586 4 2 0 1 844 746 313 657
4587 4 2 0 1 446 768 620 453
4588 4 2 0 1 620 768 446 646
4589 4 2 0 1 724 10 714 610
4590 4 2 0 1 724 714 10 39
4591 4 2 0 1 32 47 758 54
4592 4 2 0 1 758 47 32 731
4593 4 2 0 1 436 441 731 443
4594 4 2 0 1 731 441 436 821
4595 4 2 0 1 224 521 756 202
4596 4 2 0 1 224 756 521 833
4597 4 2 0 1 794 756 521 202
4598 4 2 0 1 794 521 756 833
4599 4 2 0 1 796 811 551 622
4600 4 2 0 1 551 811 796 754
4601 4 2 0 1 834 879 711 343
4602 4 2 0 1 711 879 834 617
4603 4 2 0 1 852 121 101 99
4604 4 2 0 1 852 101 121 649
4605 4 2 0 1 319 490 657 322
4606 4 2 0 1 319 657 490 730
4607 4 2 0 1 720 490 657 730
4608 4 2 0 1 726 823 682 703
4609 4 2 0 1 682 823 726 605
4610 4 2 0 1 736 708 806 221
4611 4 2 0 1 736 806 708 642
4612 4 2 0 1 223 806 708 221
4613 4 2 0 1 223 708 806 642
4614 4 2 0 1 797 21 731 469
4615 4 2 0 1 797 731 21 624
4616 4 2 0 1 30 388 651 365
4617 4 2 0 1 688 651 388 365
4618 4 2 0 1 688 388 651 799
4619 4 2 0 1 139 32 758 133
4620 4 2 0 1 139 758 32 847
4621 4 2 0 1 143 866 123 145
4622 4 2 0 1 123 866 143 539
4623 4 2 0 1 880 835 655 580
4624 4 2 0 1 880 655 835 601
4625 4 2 0 1 539 123 644 136
4626 4 2 0 1 539 644 123 866
4627 4 2 0 1 716 285 263 283
4628 4 2 0 1 263 285 716 715
4629 4 2 0 1 263 261 716 283
4630 4 2 0 1 716 261 263 715
4631 4 2 0 1 854 457 477 479
4632 4 2 0 1 394 498 807 407
4633 4 2 0 1 394 807 498 785
4634 4 2 0 1 641 807 498 407
4635 4 2 0 1 641 498 807 785
4636 4 2 0 1 814 275 671 267
4637 4 2 0 1 814 671 275 764
4638 4 2 0 1 511 671 275 267
4639 4 2 0 1 511 275 671 764
4640 4 2 0 1 879 347 672 345
4641 4 2 0 1 879 672 347 770
4642 4 2 0 1 325 672 347 345
4643 4 2 0 1 325 347 672 770
4644 4 2 0 1 808 93 113 725
4645 4 2 0 1 808 113 93 106
4646 4 2 0 1 822 843 871 639
4647 4 2 0 1 871 843 822 719
4648 4 2 0 1 832 785 576 618
4649 4 2 0 1 832 576 785 702
4650 4 2 0 1 357 821 731 366
4651 4 2 0 1 731 821 357 656
4652 4 2 0 1 731 32 357 366
4653 4 2 0 1 357 32 731 656
4654 4 2 0 1 677 243 238 540
4655 4 2 0 1 677 238 243 244
4656 4 2 0 1 768 475 620 453
4657 4 2 0 1 768 620 475 675
4658 4 2 0 1 399 397 504 418
4659 4 2 0 1 8 500 7 5
4660 4 2 0 1 8 7 500 629
4661 4 2 0 1 7 500 6 5
4662 4 2 0 1 6 500 818 5
4663 4 2 0 1 716 285 289 513
4664 4 2 0 1 716 289 285 283
4665 4 2 0 1 708 229 788 642
4666 4 2 0 1 708 788 229 228
4667 4 2 0 1 720 295 681 587
4668 4 2 0 1 720 681 295 317
4669 4 2 0 1 829 433 438 762
4670 4 2 0 1 829 438 433 431
4671 4 2 0 1 879 873 834 617
4672 4 2 0 1 310 516 747 312
4673 4 2 0 1 310 747 516 690
4674 4 2 0 1 711 747 320 312
4675 4 2 0 1 711 320 747 690
4676 4 2 0 1 747 516 320 312
4677 4 2 0 1 747 320 516 690
4678 4 2 0 1 390 799 518 397
4679 4 2 0 1 518 799 390 688
4680 4 2 0 1 838 530 529 706
4681 4 2 0 1 100 530 529 98
4682 4 2 0 1 100 529 530 706
4683 4 2 0 1 341 517 683 348
4684 4 2 0 1 361 683 517 348
4685 4 2 0 1 361 517 683 783
4686 4 2 0 1 845 302 801 727
4687 4 2 0 1 845 801 302 300
4688 4 2 0 1 736 791 806 694
4689 4 2 0 1 736 806 791 192
4690 4 2 0 1 194 806 791 694
4691 4 2 0 1 194 791 806 192
4692 4 2 0 1 497 626 450 452
4693 4 2 0 1 497 450 626 753
4694 4 2 0 1 709 450 626 452
4695 4 2 0 1 709 626 450 753
4696 4 2 0 1 779 533 535 70
4697 4 2 0 1 779 535 533 812
4698 4 2 0 1 68 535 533 70
4699 4 2 0 1 68 533 535 812
4700 4 2 0 1 747 261 716 607
4701 4 2 0 1 747 716 261 283
4702 4 2 0 1 729 490 492 720
4703 4 2 0 1 657 490 492 322
4704 4 2 0 1 657 492 490 720
4705 4 2 0 1 530 96 529 98
4706 4 2 0 1 530 529 96 838
4707 4 2 0 1 785 389 394 702
4708 4 2 0 1 785 394 389 387
4709 4 2 0 1 813 79 75 531
4710 4 2 0 1 813 75 79 82
4711 4 2 0 1 807 869 842 634
4712 4 2 0 1 842 869 807 641
4713 4 2 0 1 842 565 807 634
4714 4 2 0 1 807 565 842 641
4715 4 2 0 1 834 506 879 349
4716 4 2 0 1 834 879 506 873
4717 4 2 0 1 352 879 506 349
4718 4 2 0 1 352 506 879 873
4719 4 2 0 1 861 791 792 595
4720 4 2 0 1 861 792 791 694
4721 4 2 0 1 804 880 705 580
4722 4 2 0 1 705 880 804 677
4723 4 2 0 1 798 449 447 503
4724 4 2 0 1 798 447 449 427
4725 4 2 0 1 301 281 515 279
4726 4 2 0 1 515 651 301 279
4727 4 2 0 1 301 651 515 782
4728 4 2 0 1 301 288 515 281
4729 4 2 0 1 301 515 288 782
4730 4 2 0 1 689 515 288 281
4731 4 2 0 1 689 288 515 782
4732 4 2 0 1 675 546 620 475
4733 4 2 0 1 675 620 546 851
4734 4 2 0 1 477 620 546 475
4735 4 2 0 1 477 546 620 851
4736 4 2 0 1 215 839 234 227
4737 4 2 0 1 234 839 215 536
4738 4 2 0 1 858 358 363 775
4739 4 2 0 1 858 363 358 356
4740 4 2 0 1 319 315 657 313
4741 4 2 0 1 350 344 730 342
4742 4 2 0 1 720 315 657 492
4743 4 2 0 1 720 657 315 853
4744 4 2 0 1 157 837 790 179
4745 4 2 0 1 157 790 837 891
4746 4 2 0 1 490 324 492 322
4747 4 2 0 1 490 492 324 729
4748 4 2 0 1 196 806 201 194
4749 4 2 0 1 201 806 196 544
4750 4 2 0 1 810 292 287 513
4751 4 2 0 1 810 287 292 294
4752 4 2 0 1 746 313 853 291
4753 4 2 0 1 746 853 313 657
4754 4 2 0 1 728 298 303 508
4755 4 2 0 1 728 303 298 296
4756 4 2 0 1 865 147 127 124
4757 4 2 0 1 865 149 127 147
4758 4 2 0 1 865 127 149 534
4759 4 2 0 1 837 185 179 527
4760 4 2 0 1 837 179 185 186
4761 4 2 0 1 442 824 437 444
4762 4 2 0 1 437 824 442 501
4763 4 2 0 1 295 681 489 317
4764 4 2 0 1 489 681 295 652
4765 4 2 0 1 824 413 634 435
4766 4 2 0 1 824 634 413 807
4767 4 2 0 1 824 415 771 807
4768 4 2 0 1 824 771 415 437
4769 4 2 0 1 310 747 782 288
4770 4 2 0 1 782 747 310 690
4771 4 2 0 1 543 791 169 192
4772 4 2 0 1 543 169 791 793
4773 4 2 0 1 346 351 674 353
4774 4 2 0 1 674 351 346 493
4775 4 2 0 1 427 422 660 420
4776 4 2 0 1 427 660 422 499
4777 4 2 0 1 283 288 747 289
4778 4 2 0 1 283 747 288 514
4779 4 2 0 1 151 156 850 158
4780 4 2 0 1 151 850 156 537
4781 4 2 0 1 467 445 651 30
4782 4 2 0 1 445 423 651 30
4783 4 2 0 1 445 651 423 799
4784 4 2 0 1 423 416 651 30
4785 4 2 0 1 423 651 416 799
4786 4 2 0 1 396 388 651 30
4787 4 2 0 1 396 651 388 799
4788 4 2 0 1 416 396 651 30
4789 4 2 0 1 416 651 396 799
4790 4 2 0 1 397 505 504 418
4791 4 2 0 1 397 504 505 799
4792 4 2 0 1 505 416 423 418
4793 4 2 0 1 505 423 416 799
4794 4 2 0 1 424 505 423 418
4795 4 2 0 1 424 423 505 799
4796 4 2 0 1 504 505 424 418
4797 4 2 0 1 504 424 505 799
4798 4 2 0 1 731 704 797 592
4799 4 2 0 1 731 797 704 624
4800 4 2 0 1 690 517 711 341
4801 4 2 0 1 690 711 517 783
4802 4 2 0 1 683 711 517 341
4803 4 2 0 1 683 517 711 783
4804 4 2 0 1 21 731 22 624
4805 4 2 0 1 21 22 731 25
4806 4 2 0 1 26 22 731 624
4807 4 2 0 1 26 731 22 25
4808 4 2 0 1 427 504 447 424
4809 4 2 0 1 427 447 504 798
4810 4 2 0 1 799 447 504 424
4811 4 2 0 1 799 504 447 798
4812 4 2 0 1 753 454 854 457
4813 4 2 0 1 753 854 454 620
4814 4 2 0 1 477 854 454 457
4815 4 2 0 1 477 454 854 620
4816 4 2 0 1 714 860 704 624
4817 4 2 0 1 704 860 714 555
4818 4 2 0 1 808 111 106 104
4819 4 2 0 1 808 106 111 532
4820 4 2 0 1 657 322 315 319
4821 4 2 0 1 657 315 322 492
4822 4 2 0 1 351 344 730 350
4823 4 2 0 1 351 730 344 493
4824 4 2 0 1 125 528 548 146
4825 4 2 0 1 125 548 528 781
4826 4 2 0 1 525 562 595 736
4827 4 2 0 1 595 562 525 210
4828 4 2 0 1 595 212 525 736
4829 4 2 0 1 525 212 595 210
4830 4 2 0 1 859 771 594 761
4831 4 2 0 1 594 771 859 645
4832 4 2 0 1 421 759 760 400
4833 4 2 0 1 760 759 421 709
4834 4 2 0 1 214 876 237 815
4835 4 2 0 1 214 237 876 217
4836 4 2 0 1 239 237 876 815
4837 4 2 0 1 239 876 237 217
4838 4 2 0 1 504 399 518 397
4839 4 2 0 1 518 399 504 798
4840 4 2 0 1 518 799 504 397
4841 4 2 0 1 504 799 518 798
4842 4 2 0 1 500 818 614 6
4843 4 2 0 1 614 818 500 629
4844 4 2 0 1 614 7 500 6
4845 4 2 0 1 500 7 614 629
4846 4 2 0 1 334 637 787 656
4847 4 2 0 1 787 637 334 355
4848 4 2 0 1 357 821 637 656
4849 4 2 0 1 637 821 357 355
4850 4 2 0 1 334 357 637 656
4851 4 2 0 1 637 357 334 355
4852 4 2 0 1 445 651 614 467
4853 4 2 0 1 614 651 445 799
4854 4 2 0 1 614 447 445 467
4855 4 2 0 1 445 447 614 799
4856 4 2 0 1 149 147 537 155
4857 4 2 0 1 149 537 147 865
4858 4 2 0 1 648 537 147 155
4859 4 2 0 1 648 147 537 865
4860 4 2 0 1 829 499 431 739
4861 4 2 0 1 829 431 499 429
4862 4 2 0 1 410 431 499 739
4863 4 2 0 1 410 499 431 429
$EndElements
